date,Global Factor,CPB_res_std
2000-1,1.41757,-1.192878038
2000-2,1.2962,-1.125246423
2000-3,1.61235,-1.173541504
2000-4,1.49713,-1.021164823
2000-5,1.33145,-0.658220648
2000-6,1.33499,-0.912394112
2000-7,1.29398,-0.74194307
2000-8,1.49893,-0.589432618
2000-9,1.18795,-0.542810027
2000-10,1.13079,-0.42258967
2000-11,0.86186,-0.449407299
2000-12,1.11001,-0.31590964
2001-1,1.3417,-0.500826963
2001-2,1.03029,-0.640157755
2001-3,0.71143,-0.759520673
2001-4,1.04071,-0.952682743
2001-5,1.09118,-1.126076794
2001-6,0.93837,-1.193384862
2001-7,0.87644,-1.305137809
2001-8,0.7145,-1.363515893
2001-9,-0.10285,-1.559707485
2001-10,0.09558,-1.51037402
2001-11,0.53997,-1.566240108
2001-12,0.66947,-1.764192569
2002-1,0.67373,-1.610356695
2002-2,0.68561,-1.487486072
2002-3,0.93986,-1.453537246
2002-4,0.81471,-1.303898957
2002-5,0.79487,-1.4293533
2002-6,0.48383,-1.178426012
2002-7,0.00496,-1.22680122
2002-8,-0.05462,-1.216060272
2002-9,-0.56176,-1.102300167
2002-10,-0.36487,-1.120471893
2002-11,0.02337,-0.980851573
2002-12,-0.27513,-1.271854182
2003-1,-0.41723,-1.040999689
2003-2,-0.50436,-1.145111761
2003-3,-0.61781,-1.0667732
2003-4,-0.28534,-1.159528878
2003-5,0.03008,-1.193061431
2003-6,0.10344,-1.221141284
2003-7,0.33823,-1.149998619
2003-8,0.54169,-1.368631579
2003-9,0.44049,-1.004060362
2003-10,0.81643,-0.856347033
2003-11,0.86502,-0.728173495
2003-12,1.08272,-0.5400718
2004-1,1.1145,-0.726623957
2004-2,1.18827,-0.50162154
2004-3,1.19418,-0.467488605
2004-4,0.97311,-0.213008528
2004-5,1.02841,-0.157677077
2004-6,1.14899,-0.050840034
2004-7,0.99068,-0.123307712
2004-8,0.96505,-0.238796014
2004-9,1.14747,-0.128598122
2004-10,1.23351,4.64E-05
2004-11,1.48647,0.137341646
2004-12,1.61712,0.263943418
2005-1,1.4271,0.154810543
2005-2,1.60347,-0.004390848
2005-3,1.43842,0.057878943
2005-4,1.20688,0.418744578
2005-5,1.33122,0.354988257
2005-6,1.36386,0.410797173
2005-7,1.58662,0.304688789
2005-8,1.5365,0.413688721
2005-9,1.61497,0.529070276
2005-10,1.46035,0.683522512
2005-11,1.69963,0.752091555
2005-12,1.75125,1.14794967
2006-1,1.99999,1.055241815
2006-2,1.99926,1.153570728
2006-3,2.11652,1.274761682
2006-4,2.24068,1.335984624
2006-5,1.98363,1.284056977
2006-6,1.89837,1.455478347
2006-7,1.77458,1.176856801
2006-8,1.84578,1.373918643
2006-9,1.90109,1.603358599
2006-10,2.06627,1.596541441
2006-11,2.17968,1.687023577
2006-12,2.21471,1.822507355
2007-1,2.28987,1.659239702
2007-2,2.22369,1.75027238
2007-3,2.24017,1.583135846
2007-4,2.41364,1.639898252
2007-5,2.59216,1.687801644
2007-6,2.52738,1.754281745
2007-7,2.41509,1.717857861
2007-8,2.33166,1.875665559
2007-9,2.48591,1.840244314
2007-10,2.56734,1.889255685
2007-11,2.15022,1.957705461
2007-12,2.05546,1.965746753
2008-1,1.70173,2.416185074
2008-2,1.69417,2.315790632
2008-3,1.59764,2.13148261
2008-4,1.86024,2.334598318
2008-5,1.92447,2.299507865
2008-6,1.37348,2.145687262
2008-7,1.2654,2.302249838
2008-8,1.19842,2.181614265
2008-9,0.42519,1.894426757
2008-10,-1.0706,1.625208802
2008-11,-1.73494,0.379424835
2008-12,-1.66948,-0.677768301
2009-1,-2.27592,-1.582430744
2009-2,-2.91872,-1.747663328
2009-3,-2.41819,-1.893250122
2009-4,-1.40938,-1.836590567
2009-5,-1.0685,-1.983287274
2009-6,-1.17078,-1.726501605
2009-7,-0.66245,-1.422216958
2009-8,-0.42569,-1.44530563
2009-9,-0.2385,-0.994004175
2009-10,-0.37928,-0.713401338
2009-11,-0.22176,-0.779721898
2009-12,-0.05513,-0.462646981
2010-1,-0.30835,-0.551843311
2010-2,-0.20505,-0.408155925
2010-3,0.14988,-0.157391891
2010-4,0.29563,-0.110937385
2010-5,-0.22956,0.306310625
2010-6,-0.55622,0.44713628
2010-7,-0.13232,0.310789968
2010-8,-0.45553,0.324467681
2010-9,0.04735,0.26222041
2010-10,0.19931,0.587460483
2010-11,0.22344,0.684721045
2010-12,0.61686,0.561765983
2011-1,0.69355,0.772877823
2011-2,0.80995,0.65054899
2011-3,0.78901,0.707306036
2011-4,0.89645,0.66019462
2011-5,0.7322,0.742209091
2011-6,0.57613,0.593814011
2011-7,0.35195,0.836924629
2011-8,-0.19317,0.845750639
2011-9,-0.89385,0.702377838
2011-10,-0.22961,0.704062562
2011-11,-0.40308,0.601381374
2011-12,-0.48991,0.564858925
2012-1,-0.07717,0.542478239
2012-2,0.1363,0.465025253
2012-3,0.13068,0.666277332
2012-4,0.05548,0.445731716
2012-5,-0.50605,0.86725124
2012-6,-0.39268,0.670814117
2012-7,-0.39118,0.51102461
2012-8,-0.27516,0.519030545
2012-9,-0.18694,0.645328471
2012-10,-0.23851,0.331758486
2012-11,-0.14081,0.305469144
2012-12,-0.00094,0.312388813
2013-1,0.1941,0.449677158
2013-2,0.16099,0.282617391
2013-3,0.17631,0.401136004
2013-4,0.18018,0.366535504
2013-5,0.30851,0.323049894
2013-6,0.08052,0.158850664
2013-7,0.29989,0.230608022
2013-8,0.18473,0.35993113
2013-9,0.3926,0.34173965
2013-10,0.49841,0.417864114
2013-11,0.55572,0.56371072
2013-12,0.65437,0.415710472
2014-1,0.45161,0.572039571
2014-2,0.66236,0.482602793
2014-3,0.62541,0.475572905
2014-4,0.60339,0.598984335
2014-5,0.6664,0.577194655
2014-6,0.71512,0.566125686
2014-7,0.62812,0.673604738
2014-8,0.68578,0.649145399
2014-9,0.43972,0.949704207
2014-10,0.44851,0.857603296
2014-11,0.50405,0.862633596
2014-12,0.4005,0.852974802
2015-1,0.15851,0.808389606
2015-2,0.46272,0.827045891
2015-3,0.34433,0.416740307
2015-4,0.41604,0.422502075
2015-5,0.39094,0.214855644
2015-6,0.24082,0.399661755
2015-7,0.06821,0.340357928
2015-8,-0.29551,0.387846826
2015-9,-0.58852,0.333529314
2015-10,-0.24844,0.281719281
2015-11,-0.26966,0.094562994
2015-12,-0.51993,0.196732933
2016-1,-0.97599,0.010889042
2016-2,-0.92538,0.010467974
2016-3,-0.54136,-0.290766697
2016-4,-0.42137,-0.302426846
2016-5,-0.46474,-0.328756689
2016-6,-0.6634,-0.126047252
2016-7,-0.43176,-0.249748916
2016-8,-0.35258,0.024096392
2016-9,-0.36524,-0.081526598
2016-10,-0.4929,-0.079945559
2016-11,-0.25971,0.199208734
2016-12,-0.24541,0.395286782
2017-1,-0.10174,0.152481666
2017-2,-0.05663,0.024910844
2017-3,-0.05043,0.309185474
2017-4,-0.02621,0.205350232
2017-5,-0.04968,0.279082117
2017-6,-0.02124,0.282249266
2017-7,0.06365,0.193296698
2017-8,0.00248,0.364149909
2017-9,0.13944,0.466827282
2017-10,0.18373,0.164728015
2017-11,0.20325,0.682816895
2017-12,0.30251,0.964879701
2018-1,0.50784,0.636006656
2018-2,0.24577,0.56825821
2018-3,0.09741,0.281183015
2018-4,0.05973,0.310999966
2018-5,0.06948,0.549254969
2018-6,-0.04586,0.581729465
2018-7,0.05604,0.714018687
2018-8,0.01978,0.674769602
2018-9,-0.01329,0.503342446
2018-10,-0.55458,0.683768801
2018-11,-0.57456,0.282121035
2018-12,-1.01981,-0.024673867
2019-1,-0.57299,0.261976706
2019-2,-0.48478,0.058668384
2019-3,-0.54398,0.18869939
2019-4,-0.37053,0.105308332
2019-5,-0.84371,0.299740705
2019-6,-0.50621,-0.152065911
2019-7,-0.58362,-0.019305739
2019-8,-0.88894,0.112619889
2019-9,-0.72907,-0.079429961
2019-10,-0.61935,-0.118714969
2019-11,-0.47416,-0.297281142
2019-12,-0.36165,-0.361360602
2020-1,-0.59418,-1.11832011
2020-2,-1.0636,-1.025681614
2020-3,-2.35328,-1.826257857
2020-4,-1.80545,-4.338063091
2020-5,-1.66871,-4.187418296
2020-6,-1.52333,-2.889370264
2020-7,-1.4008,-1.955484475
2020-8,-1.15045,-1.538399051
2020-9,-1.35974,-1.065492223
2020-10,-1.41363,-0.96635084
2020-11,-0.63432,-0.627580449
2020-12,-0.4219,-0.537792274
2021-1,-0.46764,-0.492617394
2021-2,-0.11153,-0.574778085
2021-3,0.07163,-0.072269672
2021-4,0.22868,-0.114450795
2021-5,0.38707,-0.436622099
2021-6,0.29126,-0.295573743
2021-7,0.28222,-0.489393049
2021-8,0.30873,-0.323812537
2021-9,0.10749,-0.540694167
2021-10,0.33011,-0.327554101
2021-11,0.1295,0.312666298
2021-12,0.34055,0.556873817
2022-1,0.12344,0.213932469
2022-2,-0.00137,0.216751699
2022-3,0.01385,-0.227194638
2022-4,-0.40369,-0.120844521
2022-5,-0.38383,0.218649775
2022-6,-1.07027,0.126321449
2022-7,-0.70627,0.120676547
2022-8,-0.97582,0.225724952
2022-9,-1.53132,0.318649912
2022-10,-1.11635,0.054067908
2022-11,-0.73147,-0.352803565
2022-12,-0.97661,-0.542589748
2023-1,-0.55815,-0.594880521
2023-2,-0.69774,-0.639782215
2023-3,-0.82198,-0.358811165
2023-4,-0.85984,-0.758216221
2023-5,-1.06606,-0.462382037
2023-6,-0.73397,-0.699543575
2023-7,-0.57002,-0.615923188
2023-8,-0.79204,-0.668675901
2023-9,-1.01962,-0.642870532
2023-10,-1.35827,-0.57635395
2023-11,-0.92743,-0.735618093
2023-12,-0.60004,-0.550487618
2024-1,-0.70207,-0.71964379
2024-2,-0.59274,-0.41658688
2024-3,-0.40708,-0.769479419
2024-4,-0.64561,-0.511069052
2024-5,-0.51556,-0.566932857
2024-6,-0.59408,-0.459719609
2024-7,-0.47517,-0.551149301
2024-8,-0.47468,-0.261189597
2024-9,-0.40964,-0.444685404
2024-10,-0.60597,-0.448807428
2024-11,-0.42881,-0.435515818
2024-12,-0.73287,-0.270245124
