STRUCTURE,STRUCTURE_ID,STRUCTURE_NAME,ACTION,REF_AREA,Reference area,FREQ,Frequency of observation,METHODOLOGY,Methodology,MEASURE,Measure,UNIT_MEASURE,Unit of measure,EXPENDITURE,Expenditure,ADJUSTMENT,Adjustment,TRANSFORMATION,Transformation,TIME_PERIOD,Time period,OBS_VALUE,Observation value,OBS_STATUS,Observation status,UNIT_MULT,Unit multiplier,BASE_PER,Base period,DURABILITY,Durability,DECIMALS,Decimals
DATAFLOW,OECD.SDD.TPS:DSD_PRICES@DF_PRICES_ALL(1.0),"Consumer price indices (CPIs, HICPs), COICOP 1999",I,CHN,China (People’s Republic of),Q,Quarterly,N,National,CPI,Consumer price index,IX,Index,_T,Total,N,Neither seasonally adjusted nor calendar adjusted,_Z,Not applicable,2010-Q1,,86.37958,,A,Normal value,,,2015,,,,2,Two
DATAFLOW,OECD.SDD.TPS:DSD_PRICES@DF_PRICES_ALL(1.0),"Consumer price indices (CPIs, HICPs), COICOP 1999",I,CHN,China (People’s Republic of),Q,Quarterly,N,National,CPI,Consumer price index,IX,Index,_T,Total,N,Neither seasonally adjusted nor calendar adjusted,_Z,Not applicable,2010-Q2,,86.26215,,A,Normal value,,,2015,,,,2,Two
DATAFLOW,OECD.SDD.TPS:DSD_PRICES@DF_PRICES_ALL(1.0),"Consumer price indices (CPIs, HICPs), COICOP 1999",I,CHN,China (People’s Republic of),Q,Quarterly,N,National,CPI,Consumer price index,IX,Index,_T,Total,N,Neither seasonally adjusted nor calendar adjusted,_Z,Not applicable,2010-Q3,,86.7483,,A,Normal value,,,2015,,,,2,Two
DATAFLOW,OECD.SDD.TPS:DSD_PRICES@DF_PRICES_ALL(1.0),"Consumer price indices (CPIs, HICPs), COICOP 1999",I,CHN,China (People’s Republic of),Q,Quarterly,N,National,CPI,Consumer price index,IX,Index,_T,Total,N,Neither seasonally adjusted nor calendar adjusted,_Z,Not applicable,2010-Q4,,88.67176,,A,Normal value,,,2015,,,,2,Two
DATAFLOW,OECD.SDD.TPS:DSD_PRICES@DF_PRICES_ALL(1.0),"Consumer price indices (CPIs, HICPs), COICOP 1999",I,CHN,China (People’s Republic of),Q,Quarterly,N,National,CPI,Consumer price index,IX,Index,_T,Total,N,Neither seasonally adjusted nor calendar adjusted,_Z,Not applicable,2011-Q1,,90.89174,,A,Normal value,,,2015,,,,2,Two
DATAFLOW,OECD.SDD.TPS:DSD_PRICES@DF_PRICES_ALL(1.0),"Consumer price indices (CPIs, HICPs), COICOP 1999",I,CHN,China (People’s Republic of),Q,Quarterly,N,National,CPI,Consumer price index,IX,Index,_T,Total,N,Neither seasonally adjusted nor calendar adjusted,_Z,Not applicable,2011-Q2,,91.39828,,A,Normal value,,,2015,,,,2,Two
DATAFLOW,OECD.SDD.TPS:DSD_PRICES@DF_PRICES_ALL(1.0),"Consumer price indices (CPIs, HICPs), COICOP 1999",I,CHN,China (People’s Republic of),Q,Quarterly,N,National,CPI,Consumer price index,IX,Index,_T,Total,N,Neither seasonally adjusted nor calendar adjusted,_Z,Not applicable,2011-Q3,,92.33354,,A,Normal value,,,2015,,,,2,Two
DATAFLOW,OECD.SDD.TPS:DSD_PRICES@DF_PRICES_ALL(1.0),"Consumer price indices (CPIs, HICPs), COICOP 1999",I,CHN,China (People’s Republic of),Q,Quarterly,N,National,CPI,Consumer price index,IX,Index,_T,Total,N,Neither seasonally adjusted nor calendar adjusted,_Z,Not applicable,2011-Q4,,92.76922,,A,Normal value,,,2015,,,,2,Two
DATAFLOW,OECD.SDD.TPS:DSD_PRICES@DF_PRICES_ALL(1.0),"Consumer price indices (CPIs, HICPs), COICOP 1999",I,CHN,China (People’s Republic of),Q,Quarterly,N,National,CPI,Consumer price index,IX,Index,_T,Total,N,Neither seasonally adjusted nor calendar adjusted,_Z,Not applicable,2012-Q1,,94.27955,,A,Normal value,,,2015,,,,2,Two
DATAFLOW,OECD.SDD.TPS:DSD_PRICES@DF_PRICES_ALL(1.0),"Consumer price indices (CPIs, HICPs), COICOP 1999",I,CHN,China (People’s Republic of),Q,Quarterly,N,National,CPI,Consumer price index,IX,Index,_T,Total,N,Neither seasonally adjusted nor calendar adjusted,_Z,Not applicable,2012-Q2,,93.93101,,A,Normal value,,,2015,,,,2,Two
DATAFLOW,OECD.SDD.TPS:DSD_PRICES@DF_PRICES_ALL(1.0),"Consumer price indices (CPIs, HICPs), COICOP 1999",I,CHN,China (People’s Republic of),Q,Quarterly,N,National,CPI,Consumer price index,IX,Index,_T,Total,N,Neither seasonally adjusted nor calendar adjusted,_Z,Not applicable,2012-Q3,,94.08586,,A,Normal value,,,2015,,,,2,Two
DATAFLOW,OECD.SDD.TPS:DSD_PRICES@DF_PRICES_ALL(1.0),"Consumer price indices (CPIs, HICPs), COICOP 1999",I,CHN,China (People’s Republic of),Q,Quarterly,N,National,CPI,Consumer price index,IX,Index,_T,Total,N,Neither seasonally adjusted nor calendar adjusted,_Z,Not applicable,2012-Q4,,94.72031,,A,Normal value,,,2015,,,,2,Two
DATAFLOW,OECD.SDD.TPS:DSD_PRICES@DF_PRICES_ALL(1.0),"Consumer price indices (CPIs, HICPs), COICOP 1999",I,CHN,China (People’s Republic of),Q,Quarterly,N,National,CPI,Consumer price index,IX,Index,_T,Total,N,Neither seasonally adjusted nor calendar adjusted,_Z,Not applicable,2013-Q1,,96.60223,,A,Normal value,,,2015,,,,2,Two
DATAFLOW,OECD.SDD.TPS:DSD_PRICES@DF_PRICES_ALL(1.0),"Consumer price indices (CPIs, HICPs), COICOP 1999",I,CHN,China (People’s Republic of),Q,Quarterly,N,National,CPI,Consumer price index,IX,Index,_T,Total,N,Neither seasonally adjusted nor calendar adjusted,_Z,Not applicable,2013-Q2,,96.17685,,A,Normal value,,,2015,,,,2,Two
DATAFLOW,OECD.SDD.TPS:DSD_PRICES@DF_PRICES_ALL(1.0),"Consumer price indices (CPIs, HICPs), COICOP 1999",I,CHN,China (People’s Republic of),Q,Quarterly,N,National,CPI,Consumer price index,IX,Index,_T,Total,N,Neither seasonally adjusted nor calendar adjusted,_Z,Not applicable,2013-Q3,,96.65771,,A,Normal value,,,2015,,,,2,Two
DATAFLOW,OECD.SDD.TPS:DSD_PRICES@DF_PRICES_ALL(1.0),"Consumer price indices (CPIs, HICPs), COICOP 1999",I,CHN,China (People’s Republic of),Q,Quarterly,N,National,CPI,Consumer price index,IX,Index,_T,Total,N,Neither seasonally adjusted nor calendar adjusted,_Z,Not applicable,2013-Q4,,97.46173,,A,Normal value,,,2015,,,,2,Two
DATAFLOW,OECD.SDD.TPS:DSD_PRICES@DF_PRICES_ALL(1.0),"Consumer price indices (CPIs, HICPs), COICOP 1999",I,CHN,China (People’s Republic of),Q,Quarterly,N,National,CPI,Consumer price index,IX,Index,_T,Total,N,Neither seasonally adjusted nor calendar adjusted,_Z,Not applicable,2014-Q1,,98.76667,,A,Normal value,,,2015,,,,2,Two
DATAFLOW,OECD.SDD.TPS:DSD_PRICES@DF_PRICES_ALL(1.0),"Consumer price indices (CPIs, HICPs), COICOP 1999",I,CHN,China (People’s Republic of),Q,Quarterly,N,National,CPI,Consumer price index,IX,Index,_T,Total,N,Neither seasonally adjusted nor calendar adjusted,_Z,Not applicable,2014-Q2,,98.23333,,A,Normal value,,,2015,,,,2,Two
DATAFLOW,OECD.SDD.TPS:DSD_PRICES@DF_PRICES_ALL(1.0),"Consumer price indices (CPIs, HICPs), COICOP 1999",I,CHN,China (People’s Republic of),Q,Quarterly,N,National,CPI,Consumer price index,IX,Index,_T,Total,N,Neither seasonally adjusted nor calendar adjusted,_Z,Not applicable,2014-Q3,,98.5,,A,Normal value,,,2015,,,,2,Two
DATAFLOW,OECD.SDD.TPS:DSD_PRICES@DF_PRICES_ALL(1.0),"Consumer price indices (CPIs, HICPs), COICOP 1999",I,CHN,China (People’s Republic of),Q,Quarterly,N,National,CPI,Consumer price index,IX,Index,_T,Total,N,Neither seasonally adjusted nor calendar adjusted,_Z,Not applicable,2014-Q4,,98.83334,,A,Normal value,,,2015,,,,2,Two
DATAFLOW,OECD.SDD.TPS:DSD_PRICES@DF_PRICES_ALL(1.0),"Consumer price indices (CPIs, HICPs), COICOP 1999",I,CHN,China (People’s Republic of),Q,Quarterly,N,National,CPI,Consumer price index,IX,Index,_T,Total,N,Neither seasonally adjusted nor calendar adjusted,_Z,Not applicable,2015-Q1,,99.9,,A,Normal value,,,2015,,,,2,Two
DATAFLOW,OECD.SDD.TPS:DSD_PRICES@DF_PRICES_ALL(1.0),"Consumer price indices (CPIs, HICPs), COICOP 1999",I,CHN,China (People’s Republic of),Q,Quarterly,N,National,CPI,Consumer price index,IX,Index,_T,Total,N,Neither seasonally adjusted nor calendar adjusted,_Z,Not applicable,2015-Q2,,99.56667,,A,Normal value,,,2015,,,,2,Two
DATAFLOW,OECD.SDD.TPS:DSD_PRICES@DF_PRICES_ALL(1.0),"Consumer price indices (CPIs, HICPs), COICOP 1999",I,CHN,China (People’s Republic of),Q,Quarterly,N,National,CPI,Consumer price index,IX,Index,_T,Total,N,Neither seasonally adjusted nor calendar adjusted,_Z,Not applicable,2015-Q3,,100.2667,,A,Normal value,,,2015,,,,2,Two
DATAFLOW,OECD.SDD.TPS:DSD_PRICES@DF_PRICES_ALL(1.0),"Consumer price indices (CPIs, HICPs), COICOP 1999",I,CHN,China (People’s Republic of),Q,Quarterly,N,National,CPI,Consumer price index,IX,Index,_T,Total,N,Neither seasonally adjusted nor calendar adjusted,_Z,Not applicable,2015-Q4,,100.2667,,A,Normal value,,,2015,,,,2,Two
DATAFLOW,OECD.SDD.TPS:DSD_PRICES@DF_PRICES_ALL(1.0),"Consumer price indices (CPIs, HICPs), COICOP 1999",I,CHN,China (People’s Republic of),Q,Quarterly,N,National,CPI,Consumer price index,IX,Index,_T,Total,N,Neither seasonally adjusted nor calendar adjusted,_Z,Not applicable,2016-Q1,,102,,A,Normal value,,,2015,,,,2,Two
DATAFLOW,OECD.SDD.TPS:DSD_PRICES@DF_PRICES_ALL(1.0),"Consumer price indices (CPIs, HICPs), COICOP 1999",I,CHN,China (People’s Republic of),Q,Quarterly,N,National,CPI,Consumer price index,IX,Index,_T,Total,N,Neither seasonally adjusted nor calendar adjusted,_Z,Not applicable,2016-Q2,,101.6667,,A,Normal value,,,2015,,,,2,Two
DATAFLOW,OECD.SDD.TPS:DSD_PRICES@DF_PRICES_ALL(1.0),"Consumer price indices (CPIs, HICPs), COICOP 1999",I,CHN,China (People’s Republic of),Q,Quarterly,N,National,CPI,Consumer price index,IX,Index,_T,Total,N,Neither seasonally adjusted nor calendar adjusted,_Z,Not applicable,2016-Q3,,101.9,,A,Normal value,,,2015,,,,2,Two
DATAFLOW,OECD.SDD.TPS:DSD_PRICES@DF_PRICES_ALL(1.0),"Consumer price indices (CPIs, HICPs), COICOP 1999",I,CHN,China (People’s Republic of),Q,Quarterly,N,National,CPI,Consumer price index,IX,Index,_T,Total,N,Neither seasonally adjusted nor calendar adjusted,_Z,Not applicable,2016-Q4,,102.4333,,A,Normal value,,,2015,,,,2,Two
DATAFLOW,OECD.SDD.TPS:DSD_PRICES@DF_PRICES_ALL(1.0),"Consumer price indices (CPIs, HICPs), COICOP 1999",I,CHN,China (People’s Republic of),Q,Quarterly,N,National,CPI,Consumer price index,IX,Index,_T,Total,N,Neither seasonally adjusted nor calendar adjusted,_Z,Not applicable,2017-Q1,,103.4667,,A,Normal value,,,2015,,,,2,Two
DATAFLOW,OECD.SDD.TPS:DSD_PRICES@DF_PRICES_ALL(1.0),"Consumer price indices (CPIs, HICPs), COICOP 1999",I,CHN,China (People’s Republic of),Q,Quarterly,N,National,CPI,Consumer price index,IX,Index,_T,Total,N,Neither seasonally adjusted nor calendar adjusted,_Z,Not applicable,2017-Q2,,103.2,,A,Normal value,,,2015,,,,2,Two
DATAFLOW,OECD.SDD.TPS:DSD_PRICES@DF_PRICES_ALL(1.0),"Consumer price indices (CPIs, HICPs), COICOP 1999",I,CHN,China (People’s Republic of),Q,Quarterly,N,National,CPI,Consumer price index,IX,Index,_T,Total,N,Neither seasonally adjusted nor calendar adjusted,_Z,Not applicable,2017-Q3,,103.5333,,A,Normal value,,,2015,,,,2,Two
DATAFLOW,OECD.SDD.TPS:DSD_PRICES@DF_PRICES_ALL(1.0),"Consumer price indices (CPIs, HICPs), COICOP 1999",I,CHN,China (People’s Republic of),Q,Quarterly,N,National,CPI,Consumer price index,IX,Index,_T,Total,N,Neither seasonally adjusted nor calendar adjusted,_Z,Not applicable,2017-Q4,,104.3,,A,Normal value,,,2015,,,,2,Two
DATAFLOW,OECD.SDD.TPS:DSD_PRICES@DF_PRICES_ALL(1.0),"Consumer price indices (CPIs, HICPs), COICOP 1999",I,CHN,China (People’s Republic of),Q,Quarterly,N,National,CPI,Consumer price index,IX,Index,_T,Total,N,Neither seasonally adjusted nor calendar adjusted,_Z,Not applicable,2018-Q1,,105.6667,,A,Normal value,,,2015,,,,2,Two
DATAFLOW,OECD.SDD.TPS:DSD_PRICES@DF_PRICES_ALL(1.0),"Consumer price indices (CPIs, HICPs), COICOP 1999",I,CHN,China (People’s Republic of),Q,Quarterly,N,National,CPI,Consumer price index,IX,Index,_T,Total,N,Neither seasonally adjusted nor calendar adjusted,_Z,Not applicable,2018-Q2,,104.9667,,A,Normal value,,,2015,,,,2,Two
DATAFLOW,OECD.SDD.TPS:DSD_PRICES@DF_PRICES_ALL(1.0),"Consumer price indices (CPIs, HICPs), COICOP 1999",I,CHN,China (People’s Republic of),Q,Quarterly,N,National,CPI,Consumer price index,IX,Index,_T,Total,N,Neither seasonally adjusted nor calendar adjusted,_Z,Not applicable,2018-Q3,,105.9,,A,Normal value,,,2015,,,,2,Two
DATAFLOW,OECD.SDD.TPS:DSD_PRICES@DF_PRICES_ALL(1.0),"Consumer price indices (CPIs, HICPs), COICOP 1999",I,CHN,China (People’s Republic of),Q,Quarterly,N,National,CPI,Consumer price index,IX,Index,_T,Total,N,Neither seasonally adjusted nor calendar adjusted,_Z,Not applicable,2018-Q4,,106.5667,,A,Normal value,,,2015,,,,2,Two
DATAFLOW,OECD.SDD.TPS:DSD_PRICES@DF_PRICES_ALL(1.0),"Consumer price indices (CPIs, HICPs), COICOP 1999",I,CHN,China (People’s Republic of),Q,Quarterly,N,National,CPI,Consumer price index,IX,Index,_T,Total,N,Neither seasonally adjusted nor calendar adjusted,_Z,Not applicable,2019-Q1,,107.6,,A,Normal value,,,2015,,,,2,Two
DATAFLOW,OECD.SDD.TPS:DSD_PRICES@DF_PRICES_ALL(1.0),"Consumer price indices (CPIs, HICPs), COICOP 1999",I,CHN,China (People’s Republic of),Q,Quarterly,N,National,CPI,Consumer price index,IX,Index,_T,Total,N,Neither seasonally adjusted nor calendar adjusted,_Z,Not applicable,2019-Q2,,107.7667,,A,Normal value,,,2015,,,,2,Two
DATAFLOW,OECD.SDD.TPS:DSD_PRICES@DF_PRICES_ALL(1.0),"Consumer price indices (CPIs, HICPs), COICOP 1999",I,CHN,China (People’s Republic of),Q,Quarterly,N,National,CPI,Consumer price index,IX,Index,_T,Total,N,Neither seasonally adjusted nor calendar adjusted,_Z,Not applicable,2019-Q3,,108.9333,,A,Normal value,,,2015,,,,2,Two
DATAFLOW,OECD.SDD.TPS:DSD_PRICES@DF_PRICES_ALL(1.0),"Consumer price indices (CPIs, HICPs), COICOP 1999",I,CHN,China (People’s Republic of),Q,Quarterly,N,National,CPI,Consumer price index,IX,Index,_T,Total,N,Neither seasonally adjusted nor calendar adjusted,_Z,Not applicable,2019-Q4,,111.0667,,A,Normal value,,,2015,,,,2,Two
DATAFLOW,OECD.SDD.TPS:DSD_PRICES@DF_PRICES_ALL(1.0),"Consumer price indices (CPIs, HICPs), COICOP 1999",I,CHN,China (People’s Republic of),Q,Quarterly,N,National,CPI,Consumer price index,IX,Index,_T,Total,N,Neither seasonally adjusted nor calendar adjusted,_Z,Not applicable,2020-Q1,,112.9333,,A,Normal value,,,2015,,,,2,Two
DATAFLOW,OECD.SDD.TPS:DSD_PRICES@DF_PRICES_ALL(1.0),"Consumer price indices (CPIs, HICPs), COICOP 1999",I,CHN,China (People’s Republic of),Q,Quarterly,N,National,CPI,Consumer price index,IX,Index,_T,Total,N,Neither seasonally adjusted nor calendar adjusted,_Z,Not applicable,2020-Q2,,110.7,,A,Normal value,,,2015,,,,2,Two
DATAFLOW,OECD.SDD.TPS:DSD_PRICES@DF_PRICES_ALL(1.0),"Consumer price indices (CPIs, HICPs), COICOP 1999",I,CHN,China (People’s Republic of),Q,Quarterly,N,National,CPI,Consumer price index,IX,Index,_T,Total,N,Neither seasonally adjusted nor calendar adjusted,_Z,Not applicable,2020-Q3,,111.0667,,A,Normal value,,,2015,,,,2,Two
DATAFLOW,OECD.SDD.TPS:DSD_PRICES@DF_PRICES_ALL(1.0),"Consumer price indices (CPIs, HICPs), COICOP 1999",I,CHN,China (People’s Republic of),Q,Quarterly,N,National,CPI,Consumer price index,IX,Index,_T,Total,N,Neither seasonally adjusted nor calendar adjusted,_Z,Not applicable,2020-Q4,,111.2,,A,Normal value,,,2015,,,,2,Two
DATAFLOW,OECD.SDD.TPS:DSD_PRICES@DF_PRICES_ALL(1.0),"Consumer price indices (CPIs, HICPs), COICOP 1999",I,CHN,China (People’s Republic of),Q,Quarterly,N,National,CPI,Consumer price index,IX,Index,_T,Total,N,Neither seasonally adjusted nor calendar adjusted,_Z,Not applicable,2021-Q1,,112.8103,,A,Normal value,,,2015,,,,2,Two
DATAFLOW,OECD.SDD.TPS:DSD_PRICES@DF_PRICES_ALL(1.0),"Consumer price indices (CPIs, HICPs), COICOP 1999",I,CHN,China (People’s Republic of),Q,Quarterly,N,National,CPI,Consumer price index,IX,Index,_T,Total,N,Neither seasonally adjusted nor calendar adjusted,_Z,Not applicable,2021-Q2,,112.1038,,A,Normal value,,,2015,,,,2,Two
DATAFLOW,OECD.SDD.TPS:DSD_PRICES@DF_PRICES_ALL(1.0),"Consumer price indices (CPIs, HICPs), COICOP 1999",I,CHN,China (People’s Republic of),Q,Quarterly,N,National,CPI,Consumer price index,IX,Index,_T,Total,N,Neither seasonally adjusted nor calendar adjusted,_Z,Not applicable,2021-Q3,,112.1782,,A,Normal value,,,2015,,,,2,Two
DATAFLOW,OECD.SDD.TPS:DSD_PRICES@DF_PRICES_ALL(1.0),"Consumer price indices (CPIs, HICPs), COICOP 1999",I,CHN,China (People’s Republic of),Q,Quarterly,N,National,CPI,Consumer price index,IX,Index,_T,Total,N,Neither seasonally adjusted nor calendar adjusted,_Z,Not applicable,2021-Q4,,113.1821,,A,Normal value,,,2015,,,,2,Two
DATAFLOW,OECD.SDD.TPS:DSD_PRICES@DF_PRICES_ALL(1.0),"Consumer price indices (CPIs, HICPs), COICOP 1999",I,CHN,China (People’s Republic of),Q,Quarterly,N,National,CPI,Consumer price index,IX,Index,_T,Total,N,Neither seasonally adjusted nor calendar adjusted,_Z,Not applicable,2022-Q1,,114.1116,,A,Normal value,,,2015,,,,2,Two
DATAFLOW,OECD.SDD.TPS:DSD_PRICES@DF_PRICES_ALL(1.0),"Consumer price indices (CPIs, HICPs), COICOP 1999",I,CHN,China (People’s Republic of),Q,Quarterly,N,National,CPI,Consumer price index,IX,Index,_T,Total,N,Neither seasonally adjusted nor calendar adjusted,_Z,Not applicable,2022-Q2,,114.6322,,A,Normal value,,,2015,,,,2,Two
DATAFLOW,OECD.SDD.TPS:DSD_PRICES@DF_PRICES_ALL(1.0),"Consumer price indices (CPIs, HICPs), COICOP 1999",I,CHN,China (People’s Republic of),Q,Quarterly,N,National,CPI,Consumer price index,IX,Index,_T,Total,N,Neither seasonally adjusted nor calendar adjusted,_Z,Not applicable,2022-Q3,,115.1527,,A,Normal value,,,2015,,,,2,Two
DATAFLOW,OECD.SDD.TPS:DSD_PRICES@DF_PRICES_ALL(1.0),"Consumer price indices (CPIs, HICPs), COICOP 1999",I,CHN,China (People’s Republic of),Q,Quarterly,N,National,CPI,Consumer price index,IX,Index,_T,Total,N,Neither seasonally adjusted nor calendar adjusted,_Z,Not applicable,2022-Q4,,115.2643,,A,Normal value,,,2015,,,,2,Two
DATAFLOW,OECD.SDD.TPS:DSD_PRICES@DF_PRICES_ALL(1.0),"Consumer price indices (CPIs, HICPs), COICOP 1999",I,CHN,China (People’s Republic of),Q,Quarterly,N,National,CPI,Consumer price index,IX,Index,_T,Total,N,Neither seasonally adjusted nor calendar adjusted,_Z,Not applicable,2023-Q1,,115.5246,,A,Normal value,,,2015,,,,2,Two
DATAFLOW,OECD.SDD.TPS:DSD_PRICES@DF_PRICES_ALL(1.0),"Consumer price indices (CPIs, HICPs), COICOP 1999",I,CHN,China (People’s Republic of),Q,Quarterly,N,National,CPI,Consumer price index,IX,Index,_T,Total,N,Neither seasonally adjusted nor calendar adjusted,_Z,Not applicable,2023-Q2,,114.7437,,A,Normal value,,,2015,,,,2,Two
DATAFLOW,OECD.SDD.TPS:DSD_PRICES@DF_PRICES_ALL(1.0),"Consumer price indices (CPIs, HICPs), COICOP 1999",I,CHN,China (People’s Republic of),Q,Quarterly,N,National,CPI,Consumer price index,IX,Index,_T,Total,N,Neither seasonally adjusted nor calendar adjusted,_Z,Not applicable,2023-Q3,,115.0784,,A,Normal value,,,2015,,,,2,Two
DATAFLOW,OECD.SDD.TPS:DSD_PRICES@DF_PRICES_ALL(1.0),"Consumer price indices (CPIs, HICPs), COICOP 1999",I,CHN,China (People’s Republic of),Q,Quarterly,N,National,CPI,Consumer price index,IX,Index,_T,Total,N,Neither seasonally adjusted nor calendar adjusted,_Z,Not applicable,2023-Q4,,114.8925,,A,Normal value,,,2015,,,,2,Two
DATAFLOW,OECD.SDD.TPS:DSD_PRICES@DF_PRICES_ALL(1.0),"Consumer price indices (CPIs, HICPs), COICOP 1999",I,CHN,China (People’s Republic of),Q,Quarterly,N,National,CPI,Consumer price index,IX,Index,_T,Total,N,Neither seasonally adjusted nor calendar adjusted,_Z,Not applicable,2024-Q1,,115.4874,,A,Normal value,,,2015,,,,2,Two
DATAFLOW,OECD.SDD.TPS:DSD_PRICES@DF_PRICES_ALL(1.0),"Consumer price indices (CPIs, HICPs), COICOP 1999",I,CHN,China (People’s Republic of),Q,Quarterly,N,National,CPI,Consumer price index,IX,Index,_T,Total,N,Neither seasonally adjusted nor calendar adjusted,_Z,Not applicable,2024-Q2,,115.004,,A,Normal value,,,2015,,,,2,Two
DATAFLOW,OECD.SDD.TPS:DSD_PRICES@DF_PRICES_ALL(1.0),"Consumer price indices (CPIs, HICPs), COICOP 1999",I,CHN,China (People’s Republic of),Q,Quarterly,N,National,CPI,Consumer price index,IX,Index,_T,Total,N,Neither seasonally adjusted nor calendar adjusted,_Z,Not applicable,2024-Q3,,115.6361,,A,Normal value,,,2015,,,,2,Two
DATAFLOW,OECD.SDD.TPS:DSD_PRICES@DF_PRICES_ALL(1.0),"Consumer price indices (CPIs, HICPs), COICOP 1999",I,CHN,China (People’s Republic of),Q,Quarterly,N,National,CPI,Consumer price index,IX,Index,_T,Total,N,Neither seasonally adjusted nor calendar adjusted,_Z,Not applicable,2024-Q4,,115.1156,,A,Normal value,,,2015,,,,2,Two
DATAFLOW,OECD.SDD.TPS:DSD_PRICES@DF_PRICES_ALL(1.0),"Consumer price indices (CPIs, HICPs), COICOP 1999",I,CHN,China (People’s Republic of),Q,Quarterly,N,National,CPI,Consumer price index,IX,Index,_T,Total,N,Neither seasonally adjusted nor calendar adjusted,_Z,Not applicable,2025-Q1,,115.3387,,A,Normal value,,,2015,,,,2,Two
DATAFLOW,OECD.SDD.TPS:DSD_PRICES@DF_PRICES_ALL(1.0),"Consumer price indices (CPIs, HICPs), COICOP 1999",I,CHN,China (People’s Republic of),Q,Quarterly,N,National,CPI,Consumer price index,IX,Index,_T,Total,N,Neither seasonally adjusted nor calendar adjusted,_Z,Not applicable,2025-Q2,,114.9891,,A,Normal value,,,2015,,,,2,Two
DATAFLOW,OECD.SDD.TPS:DSD_PRICES@DF_PRICES_ALL(1.0),"Consumer price indices (CPIs, HICPs), COICOP 1999",I,CHN,China (People’s Republic of),Q,Quarterly,N,National,CPI,Consumer price index,IX,Index,_T,Total,N,Neither seasonally adjusted nor calendar adjusted,_Z,Not applicable,2025-Q3,,115.3979,,A,Normal value,,,2015,,,,2,Two
DATAFLOW,OECD.SDD.TPS:DSD_PRICES@DF_PRICES_ALL(1.0),"Consumer price indices (CPIs, HICPs), COICOP 1999",I,USA,United States,Q,Quarterly,N,National,CPI,Consumer price index,IX,Index,_T,Total,N,Neither seasonally adjusted nor calendar adjusted,_Z,Not applicable,2010-Q1,,91.56291,,A,Normal value,,,2015,,,,2,Two
DATAFLOW,OECD.SDD.TPS:DSD_PRICES@DF_PRICES_ALL(1.0),"Consumer price indices (CPIs, HICPs), COICOP 1999",I,USA,United States,Q,Quarterly,N,National,CPI,Consumer price index,IX,Index,_T,Total,N,Neither seasonally adjusted nor calendar adjusted,_Z,Not applicable,2010-Q2,,91.9979,,A,Normal value,,,2015,,,,2,Two
DATAFLOW,OECD.SDD.TPS:DSD_PRICES@DF_PRICES_ALL(1.0),"Consumer price indices (CPIs, HICPs), COICOP 1999",I,USA,United States,Q,Quarterly,N,National,CPI,Consumer price index,IX,Index,_T,Total,N,Neither seasonally adjusted nor calendar adjusted,_Z,Not applicable,2010-Q3,,92.08369,,A,Normal value,,,2015,,,,2,Two
DATAFLOW,OECD.SDD.TPS:DSD_PRICES@DF_PRICES_ALL(1.0),"Consumer price indices (CPIs, HICPs), COICOP 1999",I,USA,United States,Q,Quarterly,N,National,CPI,Consumer price index,IX,Index,_T,Total,N,Neither seasonally adjusted nor calendar adjusted,_Z,Not applicable,2010-Q4,,92.35526,,A,Normal value,,,2015,,,,2,Two
DATAFLOW,OECD.SDD.TPS:DSD_PRICES@DF_PRICES_ALL(1.0),"Consumer price indices (CPIs, HICPs), COICOP 1999",I,USA,United States,Q,Quarterly,N,National,CPI,Consumer price index,IX,Index,_T,Total,N,Neither seasonally adjusted nor calendar adjusted,_Z,Not applicable,2011-Q1,,93.52339,,A,Normal value,,,2015,,,,2,Two
DATAFLOW,OECD.SDD.TPS:DSD_PRICES@DF_PRICES_ALL(1.0),"Consumer price indices (CPIs, HICPs), COICOP 1999",I,USA,United States,Q,Quarterly,N,National,CPI,Consumer price index,IX,Index,_T,Total,N,Neither seasonally adjusted nor calendar adjusted,_Z,Not applicable,2011-Q2,,95.15379,,A,Normal value,,,2015,,,,2,Two
DATAFLOW,OECD.SDD.TPS:DSD_PRICES@DF_PRICES_ALL(1.0),"Consumer price indices (CPIs, HICPs), COICOP 1999",I,USA,United States,Q,Quarterly,N,National,CPI,Consumer price index,IX,Index,_T,Total,N,Neither seasonally adjusted nor calendar adjusted,_Z,Not applicable,2011-Q3,,95.54251,,A,Normal value,,,2015,,,,2,Two
DATAFLOW,OECD.SDD.TPS:DSD_PRICES@DF_PRICES_ALL(1.0),"Consumer price indices (CPIs, HICPs), COICOP 1999",I,USA,United States,Q,Quarterly,N,National,CPI,Consumer price index,IX,Index,_T,Total,N,Neither seasonally adjusted nor calendar adjusted,_Z,Not applicable,2011-Q4,,95.39724,,A,Normal value,,,2015,,,,2,Two
DATAFLOW,OECD.SDD.TPS:DSD_PRICES@DF_PRICES_ALL(1.0),"Consumer price indices (CPIs, HICPs), COICOP 1999",I,USA,United States,Q,Quarterly,N,National,CPI,Consumer price index,IX,Index,_T,Total,N,Neither seasonally adjusted nor calendar adjusted,_Z,Not applicable,2012-Q1,,96.15625,,A,Normal value,,,2015,,,,2,Two
DATAFLOW,OECD.SDD.TPS:DSD_PRICES@DF_PRICES_ALL(1.0),"Consumer price indices (CPIs, HICPs), COICOP 1999",I,USA,United States,Q,Quarterly,N,National,CPI,Consumer price index,IX,Index,_T,Total,N,Neither seasonally adjusted nor calendar adjusted,_Z,Not applicable,2012-Q2,,96.95197,,A,Normal value,,,2015,,,,2,Two
DATAFLOW,OECD.SDD.TPS:DSD_PRICES@DF_PRICES_ALL(1.0),"Consumer price indices (CPIs, HICPs), COICOP 1999",I,USA,United States,Q,Quarterly,N,National,CPI,Consumer price index,IX,Index,_T,Total,N,Neither seasonally adjusted nor calendar adjusted,_Z,Not applicable,2012-Q3,,97.16462,,A,Normal value,,,2015,,,,2,Two
DATAFLOW,OECD.SDD.TPS:DSD_PRICES@DF_PRICES_ALL(1.0),"Consumer price indices (CPIs, HICPs), COICOP 1999",I,USA,United States,Q,Quarterly,N,National,CPI,Consumer price index,IX,Index,_T,Total,N,Neither seasonally adjusted nor calendar adjusted,_Z,Not applicable,2012-Q4,,97.19964,,A,Normal value,,,2015,,,,2,Two
DATAFLOW,OECD.SDD.TPS:DSD_PRICES@DF_PRICES_ALL(1.0),"Consumer price indices (CPIs, HICPs), COICOP 1999",I,USA,United States,Q,Quarterly,N,National,CPI,Consumer price index,IX,Index,_T,Total,N,Neither seasonally adjusted nor calendar adjusted,_Z,Not applicable,2013-Q1,,97.77344,,A,Normal value,,,2015,,,,2,Two
DATAFLOW,OECD.SDD.TPS:DSD_PRICES@DF_PRICES_ALL(1.0),"Consumer price indices (CPIs, HICPs), COICOP 1999",I,USA,United States,Q,Quarterly,N,National,CPI,Consumer price index,IX,Index,_T,Total,N,Neither seasonally adjusted nor calendar adjusted,_Z,Not applicable,2013-Q2,,98.30238,,A,Normal value,,,2015,,,,2,Two
DATAFLOW,OECD.SDD.TPS:DSD_PRICES@DF_PRICES_ALL(1.0),"Consumer price indices (CPIs, HICPs), COICOP 1999",I,USA,United States,Q,Quarterly,N,National,CPI,Consumer price index,IX,Index,_T,Total,N,Neither seasonally adjusted nor calendar adjusted,_Z,Not applicable,2013-Q3,,98.67393,,A,Normal value,,,2015,,,,2,Two
DATAFLOW,OECD.SDD.TPS:DSD_PRICES@DF_PRICES_ALL(1.0),"Consumer price indices (CPIs, HICPs), COICOP 1999",I,USA,United States,Q,Quarterly,N,National,CPI,Consumer price index,IX,Index,_T,Total,N,Neither seasonally adjusted nor calendar adjusted,_Z,Not applicable,2013-Q4,,98.39857,,A,Normal value,,,2015,,,,2,Two
DATAFLOW,OECD.SDD.TPS:DSD_PRICES@DF_PRICES_ALL(1.0),"Consumer price indices (CPIs, HICPs), COICOP 1999",I,USA,United States,Q,Quarterly,N,National,CPI,Consumer price index,IX,Index,_T,Total,N,Neither seasonally adjusted nor calendar adjusted,_Z,Not applicable,2014-Q1,,99.1476,,A,Normal value,,,2015,,,,2,Two
DATAFLOW,OECD.SDD.TPS:DSD_PRICES@DF_PRICES_ALL(1.0),"Consumer price indices (CPIs, HICPs), COICOP 1999",I,USA,United States,Q,Quarterly,N,National,CPI,Consumer price index,IX,Index,_T,Total,N,Neither seasonally adjusted nor calendar adjusted,_Z,Not applicable,2014-Q2,,100.3184,,A,Normal value,,,2015,,,,2,Two
DATAFLOW,OECD.SDD.TPS:DSD_PRICES@DF_PRICES_ALL(1.0),"Consumer price indices (CPIs, HICPs), COICOP 1999",I,USA,United States,Q,Quarterly,N,National,CPI,Consumer price index,IX,Index,_T,Total,N,Neither seasonally adjusted nor calendar adjusted,_Z,Not applicable,2014-Q3,,100.4334,,A,Normal value,,,2015,,,,2,Two
DATAFLOW,OECD.SDD.TPS:DSD_PRICES@DF_PRICES_ALL(1.0),"Consumer price indices (CPIs, HICPs), COICOP 1999",I,USA,United States,Q,Quarterly,N,National,CPI,Consumer price index,IX,Index,_T,Total,N,Neither seasonally adjusted nor calendar adjusted,_Z,Not applicable,2014-Q4,,99.62661,,A,Normal value,,,2015,,,,2,Two
DATAFLOW,OECD.SDD.TPS:DSD_PRICES@DF_PRICES_ALL(1.0),"Consumer price indices (CPIs, HICPs), COICOP 1999",I,USA,United States,Q,Quarterly,N,National,CPI,Consumer price index,IX,Index,_T,Total,N,Neither seasonally adjusted nor calendar adjusted,_Z,Not applicable,2015-Q1,,99.08544,,A,Normal value,,,2015,,,,2,Two
DATAFLOW,OECD.SDD.TPS:DSD_PRICES@DF_PRICES_ALL(1.0),"Consumer price indices (CPIs, HICPs), COICOP 1999",I,USA,United States,Q,Quarterly,N,National,CPI,Consumer price index,IX,Index,_T,Total,N,Neither seasonally adjusted nor calendar adjusted,_Z,Not applicable,2015-Q2,,100.28,,A,Normal value,,,2015,,,,2,Two
DATAFLOW,OECD.SDD.TPS:DSD_PRICES@DF_PRICES_ALL(1.0),"Consumer price indices (CPIs, HICPs), COICOP 1999",I,USA,United States,Q,Quarterly,N,National,CPI,Consumer price index,IX,Index,_T,Total,N,Neither seasonally adjusted nor calendar adjusted,_Z,Not applicable,2015-Q3,,100.5434,,A,Normal value,,,2015,,,,2,Two
DATAFLOW,OECD.SDD.TPS:DSD_PRICES@DF_PRICES_ALL(1.0),"Consumer price indices (CPIs, HICPs), COICOP 1999",I,USA,United States,Q,Quarterly,N,National,CPI,Consumer price index,IX,Index,_T,Total,N,Neither seasonally adjusted nor calendar adjusted,_Z,Not applicable,2015-Q4,,100.0911,,A,Normal value,,,2015,,,,2,Two
DATAFLOW,OECD.SDD.TPS:DSD_PRICES@DF_PRICES_ALL(1.0),"Consumer price indices (CPIs, HICPs), COICOP 1999",I,USA,United States,Q,Quarterly,N,National,CPI,Consumer price index,IX,Index,_T,Total,N,Neither seasonally adjusted nor calendar adjusted,_Z,Not applicable,2016-Q1,,100.1558,,A,Normal value,,,2015,,,,2,Two
DATAFLOW,OECD.SDD.TPS:DSD_PRICES@DF_PRICES_ALL(1.0),"Consumer price indices (CPIs, HICPs), COICOP 1999",I,USA,United States,Q,Quarterly,N,National,CPI,Consumer price index,IX,Index,_T,Total,N,Neither seasonally adjusted nor calendar adjusted,_Z,Not applicable,2016-Q2,,101.33,,A,Normal value,,,2015,,,,2,Two
DATAFLOW,OECD.SDD.TPS:DSD_PRICES@DF_PRICES_ALL(1.0),"Consumer price indices (CPIs, HICPs), COICOP 1999",I,USA,United States,Q,Quarterly,N,National,CPI,Consumer price index,IX,Index,_T,Total,N,Neither seasonally adjusted nor calendar adjusted,_Z,Not applicable,2016-Q3,,101.6671,,A,Normal value,,,2015,,,,2,Two
DATAFLOW,OECD.SDD.TPS:DSD_PRICES@DF_PRICES_ALL(1.0),"Consumer price indices (CPIs, HICPs), COICOP 1999",I,USA,United States,Q,Quarterly,N,National,CPI,Consumer price index,IX,Index,_T,Total,N,Neither seasonally adjusted nor calendar adjusted,_Z,Not applicable,2016-Q4,,101.8934,,A,Normal value,,,2015,,,,2,Two
DATAFLOW,OECD.SDD.TPS:DSD_PRICES@DF_PRICES_ALL(1.0),"Consumer price indices (CPIs, HICPs), COICOP 1999",I,USA,United States,Q,Quarterly,N,National,CPI,Consumer price index,IX,Index,_T,Total,N,Neither seasonally adjusted nor calendar adjusted,_Z,Not applicable,2017-Q1,,102.6991,,A,Normal value,,,2015,,,,2,Two
DATAFLOW,OECD.SDD.TPS:DSD_PRICES@DF_PRICES_ALL(1.0),"Consumer price indices (CPIs, HICPs), COICOP 1999",I,USA,United States,Q,Quarterly,N,National,CPI,Consumer price index,IX,Index,_T,Total,N,Neither seasonally adjusted nor calendar adjusted,_Z,Not applicable,2017-Q2,,103.2573,,A,Normal value,,,2015,,,,2,Two
DATAFLOW,OECD.SDD.TPS:DSD_PRICES@DF_PRICES_ALL(1.0),"Consumer price indices (CPIs, HICPs), COICOP 1999",I,USA,United States,Q,Quarterly,N,National,CPI,Consumer price index,IX,Index,_T,Total,N,Neither seasonally adjusted nor calendar adjusted,_Z,Not applicable,2017-Q3,,103.6668,,A,Normal value,,,2015,,,,2,Two
DATAFLOW,OECD.SDD.TPS:DSD_PRICES@DF_PRICES_ALL(1.0),"Consumer price indices (CPIs, HICPs), COICOP 1999",I,USA,United States,Q,Quarterly,N,National,CPI,Consumer price index,IX,Index,_T,Total,N,Neither seasonally adjusted nor calendar adjusted,_Z,Not applicable,2017-Q4,,104.051,,A,Normal value,,,2015,,,,2,Two
DATAFLOW,OECD.SDD.TPS:DSD_PRICES@DF_PRICES_ALL(1.0),"Consumer price indices (CPIs, HICPs), COICOP 1999",I,USA,United States,Q,Quarterly,N,National,CPI,Consumer price index,IX,Index,_T,Total,N,Neither seasonally adjusted nor calendar adjusted,_Z,Not applicable,2018-Q1,,104.9731,,A,Normal value,,,2015,,,,2,Two
DATAFLOW,OECD.SDD.TPS:DSD_PRICES@DF_PRICES_ALL(1.0),"Consumer price indices (CPIs, HICPs), COICOP 1999",I,USA,United States,Q,Quarterly,N,National,CPI,Consumer price index,IX,Index,_T,Total,N,Neither seasonally adjusted nor calendar adjusted,_Z,Not applicable,2018-Q2,,106.0575,,A,Normal value,,,2015,,,,2,Two
DATAFLOW,OECD.SDD.TPS:DSD_PRICES@DF_PRICES_ALL(1.0),"Consumer price indices (CPIs, HICPs), COICOP 1999",I,USA,United States,Q,Quarterly,N,National,CPI,Consumer price index,IX,Index,_T,Total,N,Neither seasonally adjusted nor calendar adjusted,_Z,Not applicable,2018-Q3,,106.4046,,A,Normal value,,,2015,,,,2,Two
DATAFLOW,OECD.SDD.TPS:DSD_PRICES@DF_PRICES_ALL(1.0),"Consumer price indices (CPIs, HICPs), COICOP 1999",I,USA,United States,Q,Quarterly,N,National,CPI,Consumer price index,IX,Index,_T,Total,N,Neither seasonally adjusted nor calendar adjusted,_Z,Not applicable,2018-Q4,,106.3434,,A,Normal value,,,2015,,,,2,Two
DATAFLOW,OECD.SDD.TPS:DSD_PRICES@DF_PRICES_ALL(1.0),"Consumer price indices (CPIs, HICPs), COICOP 1999",I,USA,United States,Q,Quarterly,N,National,CPI,Consumer price index,IX,Index,_T,Total,N,Neither seasonally adjusted nor calendar adjusted,_Z,Not applicable,2019-Q1,,106.6998,,A,Normal value,,,2015,,,,2,Two
DATAFLOW,OECD.SDD.TPS:DSD_PRICES@DF_PRICES_ALL(1.0),"Consumer price indices (CPIs, HICPs), COICOP 1999",I,USA,United States,Q,Quarterly,N,National,CPI,Consumer price index,IX,Index,_T,Total,N,Neither seasonally adjusted nor calendar adjusted,_Z,Not applicable,2019-Q2,,107.9786,,A,Normal value,,,2015,,,,2,Two
DATAFLOW,OECD.SDD.TPS:DSD_PRICES@DF_PRICES_ALL(1.0),"Consumer price indices (CPIs, HICPs), COICOP 1999",I,USA,United States,Q,Quarterly,N,National,CPI,Consumer price index,IX,Index,_T,Total,N,Neither seasonally adjusted nor calendar adjusted,_Z,Not applicable,2019-Q3,,108.2747,,A,Normal value,,,2015,,,,2,Two
DATAFLOW,OECD.SDD.TPS:DSD_PRICES@DF_PRICES_ALL(1.0),"Consumer price indices (CPIs, HICPs), COICOP 1999",I,USA,United States,Q,Quarterly,N,National,CPI,Consumer price index,IX,Index,_T,Total,N,Neither seasonally adjusted nor calendar adjusted,_Z,Not applicable,2019-Q4,,108.5053,,A,Normal value,,,2015,,,,2,Two
DATAFLOW,OECD.SDD.TPS:DSD_PRICES@DF_PRICES_ALL(1.0),"Consumer price indices (CPIs, HICPs), COICOP 1999",I,USA,United States,Q,Quarterly,N,National,CPI,Consumer price index,IX,Index,_T,Total,N,Neither seasonally adjusted nor calendar adjusted,_Z,Not applicable,2020-Q1,,108.9604,,A,Normal value,,,2015,,,,2,Two
DATAFLOW,OECD.SDD.TPS:DSD_PRICES@DF_PRICES_ALL(1.0),"Consumer price indices (CPIs, HICPs), COICOP 1999",I,USA,United States,Q,Quarterly,N,National,CPI,Consumer price index,IX,Index,_T,Total,N,Neither seasonally adjusted nor calendar adjusted,_Z,Not applicable,2020-Q2,,108.372,,A,Normal value,,,2015,,,,2,Two
DATAFLOW,OECD.SDD.TPS:DSD_PRICES@DF_PRICES_ALL(1.0),"Consumer price indices (CPIs, HICPs), COICOP 1999",I,USA,United States,Q,Quarterly,N,National,CPI,Consumer price index,IX,Index,_T,Total,N,Neither seasonally adjusted nor calendar adjusted,_Z,Not applicable,2020-Q3,,109.5982,,A,Normal value,,,2015,,,,2,Two
DATAFLOW,OECD.SDD.TPS:DSD_PRICES@DF_PRICES_ALL(1.0),"Consumer price indices (CPIs, HICPs), COICOP 1999",I,USA,United States,Q,Quarterly,N,National,CPI,Consumer price index,IX,Index,_T,Total,N,Neither seasonally adjusted nor calendar adjusted,_Z,Not applicable,2020-Q4,,109.8502,,A,Normal value,,,2015,,,,2,Two
DATAFLOW,OECD.SDD.TPS:DSD_PRICES@DF_PRICES_ALL(1.0),"Consumer price indices (CPIs, HICPs), COICOP 1999",I,USA,United States,Q,Quarterly,N,National,CPI,Consumer price index,IX,Index,_T,Total,N,Neither seasonally adjusted nor calendar adjusted,_Z,Not applicable,2021-Q1,,111.029,,A,Normal value,,,2015,,,,2,Two
DATAFLOW,OECD.SDD.TPS:DSD_PRICES@DF_PRICES_ALL(1.0),"Consumer price indices (CPIs, HICPs), COICOP 1999",I,USA,United States,Q,Quarterly,N,National,CPI,Consumer price index,IX,Index,_T,Total,N,Neither seasonally adjusted nor calendar adjusted,_Z,Not applicable,2021-Q2,,113.6269,,A,Normal value,,,2015,,,,2,Two
DATAFLOW,OECD.SDD.TPS:DSD_PRICES@DF_PRICES_ALL(1.0),"Consumer price indices (CPIs, HICPs), COICOP 1999",I,USA,United States,Q,Quarterly,N,National,CPI,Consumer price index,IX,Index,_T,Total,N,Neither seasonally adjusted nor calendar adjusted,_Z,Not applicable,2021-Q3,,115.446,,A,Normal value,,,2015,,,,2,Two
DATAFLOW,OECD.SDD.TPS:DSD_PRICES@DF_PRICES_ALL(1.0),"Consumer price indices (CPIs, HICPs), COICOP 1999",I,USA,United States,Q,Quarterly,N,National,CPI,Consumer price index,IX,Index,_T,Total,N,Neither seasonally adjusted nor calendar adjusted,_Z,Not applicable,2021-Q4,,117.1982,,A,Normal value,,,2015,,,,2,Two
DATAFLOW,OECD.SDD.TPS:DSD_PRICES@DF_PRICES_ALL(1.0),"Consumer price indices (CPIs, HICPs), COICOP 1999",I,USA,United States,Q,Quarterly,N,National,CPI,Consumer price index,IX,Index,_T,Total,N,Neither seasonally adjusted nor calendar adjusted,_Z,Not applicable,2022-Q1,,119.8744,,A,Normal value,,,2015,,,,2,Two
DATAFLOW,OECD.SDD.TPS:DSD_PRICES@DF_PRICES_ALL(1.0),"Consumer price indices (CPIs, HICPs), COICOP 1999",I,USA,United States,Q,Quarterly,N,National,CPI,Consumer price index,IX,Index,_T,Total,N,Neither seasonally adjusted nor calendar adjusted,_Z,Not applicable,2022-Q2,,123.4392,,A,Normal value,,,2015,,,,2,Two
DATAFLOW,OECD.SDD.TPS:DSD_PRICES@DF_PRICES_ALL(1.0),"Consumer price indices (CPIs, HICPs), COICOP 1999",I,USA,United States,Q,Quarterly,N,National,CPI,Consumer price index,IX,Index,_T,Total,N,Neither seasonally adjusted nor calendar adjusted,_Z,Not applicable,2022-Q3,,125.0621,,A,Normal value,,,2015,,,,2,Two
DATAFLOW,OECD.SDD.TPS:DSD_PRICES@DF_PRICES_ALL(1.0),"Consumer price indices (CPIs, HICPs), COICOP 1999",I,USA,United States,Q,Quarterly,N,National,CPI,Consumer price index,IX,Index,_T,Total,N,Neither seasonally adjusted nor calendar adjusted,_Z,Not applicable,2022-Q4,,125.5212,,A,Normal value,,,2015,,,,2,Two
DATAFLOW,OECD.SDD.TPS:DSD_PRICES@DF_PRICES_ALL(1.0),"Consumer price indices (CPIs, HICPs), COICOP 1999",I,USA,United States,Q,Quarterly,N,National,CPI,Consumer price index,IX,Index,_T,Total,N,Neither seasonally adjusted nor calendar adjusted,_Z,Not applicable,2023-Q1,,126.8328,,A,Normal value,,,2015,,,,2,Two
DATAFLOW,OECD.SDD.TPS:DSD_PRICES@DF_PRICES_ALL(1.0),"Consumer price indices (CPIs, HICPs), COICOP 1999",I,USA,United States,Q,Quarterly,N,National,CPI,Consumer price index,IX,Index,_T,Total,N,Neither seasonally adjusted nor calendar adjusted,_Z,Not applicable,2023-Q2,,128.3451,,A,Normal value,,,2015,,,,2,Two
DATAFLOW,OECD.SDD.TPS:DSD_PRICES@DF_PRICES_ALL(1.0),"Consumer price indices (CPIs, HICPs), COICOP 1999",I,USA,United States,Q,Quarterly,N,National,CPI,Consumer price index,IX,Index,_T,Total,N,Neither seasonally adjusted nor calendar adjusted,_Z,Not applicable,2023-Q3,,129.4571,,A,Normal value,,,2015,,,,2,Two
DATAFLOW,OECD.SDD.TPS:DSD_PRICES@DF_PRICES_ALL(1.0),"Consumer price indices (CPIs, HICPs), COICOP 1999",I,USA,United States,Q,Quarterly,N,National,CPI,Consumer price index,IX,Index,_T,Total,N,Neither seasonally adjusted nor calendar adjusted,_Z,Not applicable,2023-Q4,,129.5924,,A,Normal value,,,2015,,,,2,Two
DATAFLOW,OECD.SDD.TPS:DSD_PRICES@DF_PRICES_ALL(1.0),"Consumer price indices (CPIs, HICPs), COICOP 1999",I,USA,United States,Q,Quarterly,N,National,CPI,Consumer price index,IX,Index,_T,Total,N,Neither seasonally adjusted nor calendar adjusted,_Z,Not applicable,2024-Q1,,130.9435,,A,Normal value,,,2015,,,,2,Two
DATAFLOW,OECD.SDD.TPS:DSD_PRICES@DF_PRICES_ALL(1.0),"Consumer price indices (CPIs, HICPs), COICOP 1999",I,USA,United States,Q,Quarterly,N,National,CPI,Consumer price index,IX,Index,_T,Total,N,Neither seasonally adjusted nor calendar adjusted,_Z,Not applicable,2024-Q2,,132.4507,,A,Normal value,,,2015,,,,2,Two
DATAFLOW,OECD.SDD.TPS:DSD_PRICES@DF_PRICES_ALL(1.0),"Consumer price indices (CPIs, HICPs), COICOP 1999",I,USA,United States,Q,Quarterly,N,National,CPI,Consumer price index,IX,Index,_T,Total,N,Neither seasonally adjusted nor calendar adjusted,_Z,Not applicable,2024-Q3,,132.8508,,A,Normal value,,,2015,,,,2,Two
DATAFLOW,OECD.SDD.TPS:DSD_PRICES@DF_PRICES_ALL(1.0),"Consumer price indices (CPIs, HICPs), COICOP 1999",I,USA,United States,Q,Quarterly,N,National,CPI,Consumer price index,IX,Index,_T,Total,N,Neither seasonally adjusted nor calendar adjusted,_Z,Not applicable,2024-Q4,,133.1497,,A,Normal value,,,2015,,,,2,Two
DATAFLOW,OECD.SDD.TPS:DSD_PRICES@DF_PRICES_ALL(1.0),"Consumer price indices (CPIs, HICPs), COICOP 1999",I,USA,United States,Q,Quarterly,N,National,CPI,Consumer price index,IX,Index,_T,Total,N,Neither seasonally adjusted nor calendar adjusted,_Z,Not applicable,2025-Q1,,134.5265,,A,Normal value,,,2015,,,,2,Two
DATAFLOW,OECD.SDD.TPS:DSD_PRICES@DF_PRICES_ALL(1.0),"Consumer price indices (CPIs, HICPs), COICOP 1999",I,USA,United States,Q,Quarterly,N,National,CPI,Consumer price index,IX,Index,_T,Total,N,Neither seasonally adjusted nor calendar adjusted,_Z,Not applicable,2025-Q2,,135.6894,,A,Normal value,,,2015,,,,2,Two
DATAFLOW,OECD.SDD.TPS:DSD_PRICES@DF_PRICES_ALL(1.0),"Consumer price indices (CPIs, HICPs), COICOP 1999",I,USA,United States,Q,Quarterly,N,National,CPI,Consumer price index,IX,Index,_T,Total,N,Neither seasonally adjusted nor calendar adjusted,_Z,Not applicable,2025-Q3,,136.6743,,A,Normal value,,,2015,,,,2,Two
DATAFLOW,OECD.SDD.TPS:DSD_PRICES@DF_PRICES_ALL(1.0),"Consumer price indices (CPIs, HICPs), COICOP 1999",I,GBR,United Kingdom,Q,Quarterly,N,National,CPI,Consumer price index,IX,Index,_T,Total,N,Neither seasonally adjusted nor calendar adjusted,_Z,Not applicable,2010-Q1,,89.1,,A,Normal value,,,2015,,,,2,Two
DATAFLOW,OECD.SDD.TPS:DSD_PRICES@DF_PRICES_ALL(1.0),"Consumer price indices (CPIs, HICPs), COICOP 1999",I,GBR,United Kingdom,Q,Quarterly,N,National,CPI,Consumer price index,IX,Index,_T,Total,N,Neither seasonally adjusted nor calendar adjusted,_Z,Not applicable,2010-Q2,,90,,A,Normal value,,,2015,,,,2,Two
DATAFLOW,OECD.SDD.TPS:DSD_PRICES@DF_PRICES_ALL(1.0),"Consumer price indices (CPIs, HICPs), COICOP 1999",I,GBR,United Kingdom,Q,Quarterly,N,National,CPI,Consumer price index,IX,Index,_T,Total,N,Neither seasonally adjusted nor calendar adjusted,_Z,Not applicable,2010-Q3,,90.3,,A,Normal value,,,2015,,,,2,Two
DATAFLOW,OECD.SDD.TPS:DSD_PRICES@DF_PRICES_ALL(1.0),"Consumer price indices (CPIs, HICPs), COICOP 1999",I,GBR,United Kingdom,Q,Quarterly,N,National,CPI,Consumer price index,IX,Index,_T,Total,N,Neither seasonally adjusted nor calendar adjusted,_Z,Not applicable,2010-Q4,,91.1,,A,Normal value,,,2015,,,,2,Two
DATAFLOW,OECD.SDD.TPS:DSD_PRICES@DF_PRICES_ALL(1.0),"Consumer price indices (CPIs, HICPs), COICOP 1999",I,GBR,United Kingdom,Q,Quarterly,N,National,CPI,Consumer price index,IX,Index,_T,Total,N,Neither seasonally adjusted nor calendar adjusted,_Z,Not applicable,2011-Q1,,92.2,,A,Normal value,,,2015,,,,2,Two
DATAFLOW,OECD.SDD.TPS:DSD_PRICES@DF_PRICES_ALL(1.0),"Consumer price indices (CPIs, HICPs), COICOP 1999",I,GBR,United Kingdom,Q,Quarterly,N,National,CPI,Consumer price index,IX,Index,_T,Total,N,Neither seasonally adjusted nor calendar adjusted,_Z,Not applicable,2011-Q2,,93.4,,A,Normal value,,,2015,,,,2,Two
DATAFLOW,OECD.SDD.TPS:DSD_PRICES@DF_PRICES_ALL(1.0),"Consumer price indices (CPIs, HICPs), COICOP 1999",I,GBR,United Kingdom,Q,Quarterly,N,National,CPI,Consumer price index,IX,Index,_T,Total,N,Neither seasonally adjusted nor calendar adjusted,_Z,Not applicable,2011-Q3,,93.9,,A,Normal value,,,2015,,,,2,Two
DATAFLOW,OECD.SDD.TPS:DSD_PRICES@DF_PRICES_ALL(1.0),"Consumer price indices (CPIs, HICPs), COICOP 1999",I,GBR,United Kingdom,Q,Quarterly,N,National,CPI,Consumer price index,IX,Index,_T,Total,N,Neither seasonally adjusted nor calendar adjusted,_Z,Not applicable,2011-Q4,,94.7,,A,Normal value,,,2015,,,,2,Two
DATAFLOW,OECD.SDD.TPS:DSD_PRICES@DF_PRICES_ALL(1.0),"Consumer price indices (CPIs, HICPs), COICOP 1999",I,GBR,United Kingdom,Q,Quarterly,N,National,CPI,Consumer price index,IX,Index,_T,Total,N,Neither seasonally adjusted nor calendar adjusted,_Z,Not applicable,2012-Q1,,95.1,,A,Normal value,,,2015,,,,2,Two
DATAFLOW,OECD.SDD.TPS:DSD_PRICES@DF_PRICES_ALL(1.0),"Consumer price indices (CPIs, HICPs), COICOP 1999",I,GBR,United Kingdom,Q,Quarterly,N,National,CPI,Consumer price index,IX,Index,_T,Total,N,Neither seasonally adjusted nor calendar adjusted,_Z,Not applicable,2012-Q2,,95.8,,A,Normal value,,,2015,,,,2,Two
DATAFLOW,OECD.SDD.TPS:DSD_PRICES@DF_PRICES_ALL(1.0),"Consumer price indices (CPIs, HICPs), COICOP 1999",I,GBR,United Kingdom,Q,Quarterly,N,National,CPI,Consumer price index,IX,Index,_T,Total,N,Neither seasonally adjusted nor calendar adjusted,_Z,Not applicable,2012-Q3,,96.1,,A,Normal value,,,2015,,,,2,Two
DATAFLOW,OECD.SDD.TPS:DSD_PRICES@DF_PRICES_ALL(1.0),"Consumer price indices (CPIs, HICPs), COICOP 1999",I,GBR,United Kingdom,Q,Quarterly,N,National,CPI,Consumer price index,IX,Index,_T,Total,N,Neither seasonally adjusted nor calendar adjusted,_Z,Not applicable,2012-Q4,,97,,A,Normal value,,,2015,,,,2,Two
DATAFLOW,OECD.SDD.TPS:DSD_PRICES@DF_PRICES_ALL(1.0),"Consumer price indices (CPIs, HICPs), COICOP 1999",I,GBR,United Kingdom,Q,Quarterly,N,National,CPI,Consumer price index,IX,Index,_T,Total,N,Neither seasonally adjusted nor calendar adjusted,_Z,Not applicable,2013-Q1,,97.4,,A,Normal value,,,2015,,,,2,Two
DATAFLOW,OECD.SDD.TPS:DSD_PRICES@DF_PRICES_ALL(1.0),"Consumer price indices (CPIs, HICPs), COICOP 1999",I,GBR,United Kingdom,Q,Quarterly,N,National,CPI,Consumer price index,IX,Index,_T,Total,N,Neither seasonally adjusted nor calendar adjusted,_Z,Not applicable,2013-Q2,,98.1,,A,Normal value,,,2015,,,,2,Two
DATAFLOW,OECD.SDD.TPS:DSD_PRICES@DF_PRICES_ALL(1.0),"Consumer price indices (CPIs, HICPs), COICOP 1999",I,GBR,United Kingdom,Q,Quarterly,N,National,CPI,Consumer price index,IX,Index,_T,Total,N,Neither seasonally adjusted nor calendar adjusted,_Z,Not applicable,2013-Q3,,98.4,,A,Normal value,,,2015,,,,2,Two
DATAFLOW,OECD.SDD.TPS:DSD_PRICES@DF_PRICES_ALL(1.0),"Consumer price indices (CPIs, HICPs), COICOP 1999",I,GBR,United Kingdom,Q,Quarterly,N,National,CPI,Consumer price index,IX,Index,_T,Total,N,Neither seasonally adjusted nor calendar adjusted,_Z,Not applicable,2013-Q4,,98.9,,A,Normal value,,,2015,,,,2,Two
DATAFLOW,OECD.SDD.TPS:DSD_PRICES@DF_PRICES_ALL(1.0),"Consumer price indices (CPIs, HICPs), COICOP 1999",I,GBR,United Kingdom,Q,Quarterly,N,National,CPI,Consumer price index,IX,Index,_T,Total,N,Neither seasonally adjusted nor calendar adjusted,_Z,Not applicable,2014-Q1,,99,,A,Normal value,,,2015,,,,2,Two
DATAFLOW,OECD.SDD.TPS:DSD_PRICES@DF_PRICES_ALL(1.0),"Consumer price indices (CPIs, HICPs), COICOP 1999",I,GBR,United Kingdom,Q,Quarterly,N,National,CPI,Consumer price index,IX,Index,_T,Total,N,Neither seasonally adjusted nor calendar adjusted,_Z,Not applicable,2014-Q2,,99.7,,A,Normal value,,,2015,,,,2,Two
DATAFLOW,OECD.SDD.TPS:DSD_PRICES@DF_PRICES_ALL(1.0),"Consumer price indices (CPIs, HICPs), COICOP 1999",I,GBR,United Kingdom,Q,Quarterly,N,National,CPI,Consumer price index,IX,Index,_T,Total,N,Neither seasonally adjusted nor calendar adjusted,_Z,Not applicable,2014-Q3,,99.8,,A,Normal value,,,2015,,,,2,Two
DATAFLOW,OECD.SDD.TPS:DSD_PRICES@DF_PRICES_ALL(1.0),"Consumer price indices (CPIs, HICPs), COICOP 1999",I,GBR,United Kingdom,Q,Quarterly,N,National,CPI,Consumer price index,IX,Index,_T,Total,N,Neither seasonally adjusted nor calendar adjusted,_Z,Not applicable,2014-Q4,,100,,A,Normal value,,,2015,,,,2,Two
DATAFLOW,OECD.SDD.TPS:DSD_PRICES@DF_PRICES_ALL(1.0),"Consumer price indices (CPIs, HICPs), COICOP 1999",I,GBR,United Kingdom,Q,Quarterly,N,National,CPI,Consumer price index,IX,Index,_T,Total,N,Neither seasonally adjusted nor calendar adjusted,_Z,Not applicable,2015-Q1,,99.4,,A,Normal value,,,2015,,,,2,Two
DATAFLOW,OECD.SDD.TPS:DSD_PRICES@DF_PRICES_ALL(1.0),"Consumer price indices (CPIs, HICPs), COICOP 1999",I,GBR,United Kingdom,Q,Quarterly,N,National,CPI,Consumer price index,IX,Index,_T,Total,N,Neither seasonally adjusted nor calendar adjusted,_Z,Not applicable,2015-Q2,,100,,A,Normal value,,,2015,,,,2,Two
DATAFLOW,OECD.SDD.TPS:DSD_PRICES@DF_PRICES_ALL(1.0),"Consumer price indices (CPIs, HICPs), COICOP 1999",I,GBR,United Kingdom,Q,Quarterly,N,National,CPI,Consumer price index,IX,Index,_T,Total,N,Neither seasonally adjusted nor calendar adjusted,_Z,Not applicable,2015-Q3,,100.2,,A,Normal value,,,2015,,,,2,Two
DATAFLOW,OECD.SDD.TPS:DSD_PRICES@DF_PRICES_ALL(1.0),"Consumer price indices (CPIs, HICPs), COICOP 1999",I,GBR,United Kingdom,Q,Quarterly,N,National,CPI,Consumer price index,IX,Index,_T,Total,N,Neither seasonally adjusted nor calendar adjusted,_Z,Not applicable,2015-Q4,,100.4,,A,Normal value,,,2015,,,,2,Two
DATAFLOW,OECD.SDD.TPS:DSD_PRICES@DF_PRICES_ALL(1.0),"Consumer price indices (CPIs, HICPs), COICOP 1999",I,GBR,United Kingdom,Q,Quarterly,N,National,CPI,Consumer price index,IX,Index,_T,Total,N,Neither seasonally adjusted nor calendar adjusted,_Z,Not applicable,2016-Q1,,100.1,,A,Normal value,,,2015,,,,2,Two
DATAFLOW,OECD.SDD.TPS:DSD_PRICES@DF_PRICES_ALL(1.0),"Consumer price indices (CPIs, HICPs), COICOP 1999",I,GBR,United Kingdom,Q,Quarterly,N,National,CPI,Consumer price index,IX,Index,_T,Total,N,Neither seasonally adjusted nor calendar adjusted,_Z,Not applicable,2016-Q2,,100.8,,A,Normal value,,,2015,,,,2,Two
DATAFLOW,OECD.SDD.TPS:DSD_PRICES@DF_PRICES_ALL(1.0),"Consumer price indices (CPIs, HICPs), COICOP 1999",I,GBR,United Kingdom,Q,Quarterly,N,National,CPI,Consumer price index,IX,Index,_T,Total,N,Neither seasonally adjusted nor calendar adjusted,_Z,Not applicable,2016-Q3,,101.2,,A,Normal value,,,2015,,,,2,Two
DATAFLOW,OECD.SDD.TPS:DSD_PRICES@DF_PRICES_ALL(1.0),"Consumer price indices (CPIs, HICPs), COICOP 1999",I,GBR,United Kingdom,Q,Quarterly,N,National,CPI,Consumer price index,IX,Index,_T,Total,N,Neither seasonally adjusted nor calendar adjusted,_Z,Not applicable,2016-Q4,,101.9,,A,Normal value,,,2015,,,,2,Two
DATAFLOW,OECD.SDD.TPS:DSD_PRICES@DF_PRICES_ALL(1.0),"Consumer price indices (CPIs, HICPs), COICOP 1999",I,GBR,United Kingdom,Q,Quarterly,N,National,CPI,Consumer price index,IX,Index,_T,Total,N,Neither seasonally adjusted nor calendar adjusted,_Z,Not applicable,2017-Q1,,102.3,,A,Normal value,,,2015,,,,2,Two
DATAFLOW,OECD.SDD.TPS:DSD_PRICES@DF_PRICES_ALL(1.0),"Consumer price indices (CPIs, HICPs), COICOP 1999",I,GBR,United Kingdom,Q,Quarterly,N,National,CPI,Consumer price index,IX,Index,_T,Total,N,Neither seasonally adjusted nor calendar adjusted,_Z,Not applicable,2017-Q2,,103.4,,A,Normal value,,,2015,,,,2,Two
DATAFLOW,OECD.SDD.TPS:DSD_PRICES@DF_PRICES_ALL(1.0),"Consumer price indices (CPIs, HICPs), COICOP 1999",I,GBR,United Kingdom,Q,Quarterly,N,National,CPI,Consumer price index,IX,Index,_T,Total,N,Neither seasonally adjusted nor calendar adjusted,_Z,Not applicable,2017-Q3,,103.9,,A,Normal value,,,2015,,,,2,Two
DATAFLOW,OECD.SDD.TPS:DSD_PRICES@DF_PRICES_ALL(1.0),"Consumer price indices (CPIs, HICPs), COICOP 1999",I,GBR,United Kingdom,Q,Quarterly,N,National,CPI,Consumer price index,IX,Index,_T,Total,N,Neither seasonally adjusted nor calendar adjusted,_Z,Not applicable,2017-Q4,,104.7,,A,Normal value,,,2015,,,,2,Two
DATAFLOW,OECD.SDD.TPS:DSD_PRICES@DF_PRICES_ALL(1.0),"Consumer price indices (CPIs, HICPs), COICOP 1999",I,GBR,United Kingdom,Q,Quarterly,N,National,CPI,Consumer price index,IX,Index,_T,Total,N,Neither seasonally adjusted nor calendar adjusted,_Z,Not applicable,2018-Q1,,104.8,,A,Normal value,,,2015,,,,2,Two
DATAFLOW,OECD.SDD.TPS:DSD_PRICES@DF_PRICES_ALL(1.0),"Consumer price indices (CPIs, HICPs), COICOP 1999",I,GBR,United Kingdom,Q,Quarterly,N,National,CPI,Consumer price index,IX,Index,_T,Total,N,Neither seasonally adjusted nor calendar adjusted,_Z,Not applicable,2018-Q2,,105.8,,A,Normal value,,,2015,,,,2,Two
DATAFLOW,OECD.SDD.TPS:DSD_PRICES@DF_PRICES_ALL(1.0),"Consumer price indices (CPIs, HICPs), COICOP 1999",I,GBR,United Kingdom,Q,Quarterly,N,National,CPI,Consumer price index,IX,Index,_T,Total,N,Neither seasonally adjusted nor calendar adjusted,_Z,Not applicable,2018-Q3,,106.3,,A,Normal value,,,2015,,,,2,Two
DATAFLOW,OECD.SDD.TPS:DSD_PRICES@DF_PRICES_ALL(1.0),"Consumer price indices (CPIs, HICPs), COICOP 1999",I,GBR,United Kingdom,Q,Quarterly,N,National,CPI,Consumer price index,IX,Index,_T,Total,N,Neither seasonally adjusted nor calendar adjusted,_Z,Not applicable,2018-Q4,,106.9,,A,Normal value,,,2015,,,,2,Two
DATAFLOW,OECD.SDD.TPS:DSD_PRICES@DF_PRICES_ALL(1.0),"Consumer price indices (CPIs, HICPs), COICOP 1999",I,GBR,United Kingdom,Q,Quarterly,N,National,CPI,Consumer price index,IX,Index,_T,Total,N,Neither seasonally adjusted nor calendar adjusted,_Z,Not applicable,2019-Q1,,106.7,,A,Normal value,,,2015,,,,2,Two
DATAFLOW,OECD.SDD.TPS:DSD_PRICES@DF_PRICES_ALL(1.0),"Consumer price indices (CPIs, HICPs), COICOP 1999",I,GBR,United Kingdom,Q,Quarterly,N,National,CPI,Consumer price index,IX,Index,_T,Total,N,Neither seasonally adjusted nor calendar adjusted,_Z,Not applicable,2019-Q2,,107.8,,A,Normal value,,,2015,,,,2,Two
DATAFLOW,OECD.SDD.TPS:DSD_PRICES@DF_PRICES_ALL(1.0),"Consumer price indices (CPIs, HICPs), COICOP 1999",I,GBR,United Kingdom,Q,Quarterly,N,National,CPI,Consumer price index,IX,Index,_T,Total,N,Neither seasonally adjusted nor calendar adjusted,_Z,Not applicable,2019-Q3,,108.2,,A,Normal value,,,2015,,,,2,Two
DATAFLOW,OECD.SDD.TPS:DSD_PRICES@DF_PRICES_ALL(1.0),"Consumer price indices (CPIs, HICPs), COICOP 1999",I,GBR,United Kingdom,Q,Quarterly,N,National,CPI,Consumer price index,IX,Index,_T,Total,N,Neither seasonally adjusted nor calendar adjusted,_Z,Not applicable,2019-Q4,,108.4,,A,Normal value,,,2015,,,,2,Two
DATAFLOW,OECD.SDD.TPS:DSD_PRICES@DF_PRICES_ALL(1.0),"Consumer price indices (CPIs, HICPs), COICOP 1999",I,GBR,United Kingdom,Q,Quarterly,N,National,CPI,Consumer price index,IX,Index,_T,Total,N,Neither seasonally adjusted nor calendar adjusted,_Z,Not applicable,2020-Q1,,108.5,,A,Normal value,,,2015,,,,2,Two
DATAFLOW,OECD.SDD.TPS:DSD_PRICES@DF_PRICES_ALL(1.0),"Consumer price indices (CPIs, HICPs), COICOP 1999",I,GBR,United Kingdom,Q,Quarterly,N,National,CPI,Consumer price index,IX,Index,_T,Total,N,Neither seasonally adjusted nor calendar adjusted,_Z,Not applicable,2020-Q2,,108.7,,A,Normal value,,,2015,,,,2,Two
DATAFLOW,OECD.SDD.TPS:DSD_PRICES@DF_PRICES_ALL(1.0),"Consumer price indices (CPIs, HICPs), COICOP 1999",I,GBR,United Kingdom,Q,Quarterly,N,National,CPI,Consumer price index,IX,Index,_T,Total,N,Neither seasonally adjusted nor calendar adjusted,_Z,Not applicable,2020-Q3,,109.1,,A,Normal value,,,2015,,,,2,Two
DATAFLOW,OECD.SDD.TPS:DSD_PRICES@DF_PRICES_ALL(1.0),"Consumer price indices (CPIs, HICPs), COICOP 1999",I,GBR,United Kingdom,Q,Quarterly,N,National,CPI,Consumer price index,IX,Index,_T,Total,N,Neither seasonally adjusted nor calendar adjusted,_Z,Not applicable,2020-Q4,,109.3,,A,Normal value,,,2015,,,,2,Two
DATAFLOW,OECD.SDD.TPS:DSD_PRICES@DF_PRICES_ALL(1.0),"Consumer price indices (CPIs, HICPs), COICOP 1999",I,GBR,United Kingdom,Q,Quarterly,N,National,CPI,Consumer price index,IX,Index,_T,Total,N,Neither seasonally adjusted nor calendar adjusted,_Z,Not applicable,2021-Q1,,109.5,,A,Normal value,,,2015,,,,2,Two
DATAFLOW,OECD.SDD.TPS:DSD_PRICES@DF_PRICES_ALL(1.0),"Consumer price indices (CPIs, HICPs), COICOP 1999",I,GBR,United Kingdom,Q,Quarterly,N,National,CPI,Consumer price index,IX,Index,_T,Total,N,Neither seasonally adjusted nor calendar adjusted,_Z,Not applicable,2021-Q2,,110.9,,A,Normal value,,,2015,,,,2,Two
DATAFLOW,OECD.SDD.TPS:DSD_PRICES@DF_PRICES_ALL(1.0),"Consumer price indices (CPIs, HICPs), COICOP 1999",I,GBR,United Kingdom,Q,Quarterly,N,National,CPI,Consumer price index,IX,Index,_T,Total,N,Neither seasonally adjusted nor calendar adjusted,_Z,Not applicable,2021-Q3,,112,,A,Normal value,,,2015,,,,2,Two
DATAFLOW,OECD.SDD.TPS:DSD_PRICES@DF_PRICES_ALL(1.0),"Consumer price indices (CPIs, HICPs), COICOP 1999",I,GBR,United Kingdom,Q,Quarterly,N,National,CPI,Consumer price index,IX,Index,_T,Total,N,Neither seasonally adjusted nor calendar adjusted,_Z,Not applicable,2021-Q4,,114.1,,A,Normal value,,,2015,,,,2,Two
DATAFLOW,OECD.SDD.TPS:DSD_PRICES@DF_PRICES_ALL(1.0),"Consumer price indices (CPIs, HICPs), COICOP 1999",I,GBR,United Kingdom,Q,Quarterly,N,National,CPI,Consumer price index,IX,Index,_T,Total,N,Neither seasonally adjusted nor calendar adjusted,_Z,Not applicable,2022-Q1,,115.5,,A,Normal value,,,2015,,,,2,Two
DATAFLOW,OECD.SDD.TPS:DSD_PRICES@DF_PRICES_ALL(1.0),"Consumer price indices (CPIs, HICPs), COICOP 1999",I,GBR,United Kingdom,Q,Quarterly,N,National,CPI,Consumer price index,IX,Index,_T,Total,N,Neither seasonally adjusted nor calendar adjusted,_Z,Not applicable,2022-Q2,,119.7,,A,Normal value,,,2015,,,,2,Two
DATAFLOW,OECD.SDD.TPS:DSD_PRICES@DF_PRICES_ALL(1.0),"Consumer price indices (CPIs, HICPs), COICOP 1999",I,GBR,United Kingdom,Q,Quarterly,N,National,CPI,Consumer price index,IX,Index,_T,Total,N,Neither seasonally adjusted nor calendar adjusted,_Z,Not applicable,2022-Q3,,121.8,,A,Normal value,,,2015,,,,2,Two
DATAFLOW,OECD.SDD.TPS:DSD_PRICES@DF_PRICES_ALL(1.0),"Consumer price indices (CPIs, HICPs), COICOP 1999",I,GBR,United Kingdom,Q,Quarterly,N,National,CPI,Consumer price index,IX,Index,_T,Total,N,Neither seasonally adjusted nor calendar adjusted,_Z,Not applicable,2022-Q4,,124.8,,A,Normal value,,,2015,,,,2,Two
DATAFLOW,OECD.SDD.TPS:DSD_PRICES@DF_PRICES_ALL(1.0),"Consumer price indices (CPIs, HICPs), COICOP 1999",I,GBR,United Kingdom,Q,Quarterly,N,National,CPI,Consumer price index,IX,Index,_T,Total,N,Neither seasonally adjusted nor calendar adjusted,_Z,Not applicable,2023-Q1,,125.9,,A,Normal value,,,2015,,,,2,Two
DATAFLOW,OECD.SDD.TPS:DSD_PRICES@DF_PRICES_ALL(1.0),"Consumer price indices (CPIs, HICPs), COICOP 1999",I,GBR,United Kingdom,Q,Quarterly,N,National,CPI,Consumer price index,IX,Index,_T,Total,N,Neither seasonally adjusted nor calendar adjusted,_Z,Not applicable,2023-Q2,,128.9,,A,Normal value,,,2015,,,,2,Two
DATAFLOW,OECD.SDD.TPS:DSD_PRICES@DF_PRICES_ALL(1.0),"Consumer price indices (CPIs, HICPs), COICOP 1999",I,GBR,United Kingdom,Q,Quarterly,N,National,CPI,Consumer price index,IX,Index,_T,Total,N,Neither seasonally adjusted nor calendar adjusted,_Z,Not applicable,2023-Q3,,129.5,,A,Normal value,,,2015,,,,2,Two
DATAFLOW,OECD.SDD.TPS:DSD_PRICES@DF_PRICES_ALL(1.0),"Consumer price indices (CPIs, HICPs), COICOP 1999",I,GBR,United Kingdom,Q,Quarterly,N,National,CPI,Consumer price index,IX,Index,_T,Total,N,Neither seasonally adjusted nor calendar adjusted,_Z,Not applicable,2023-Q4,,130.3,,A,Normal value,,,2015,,,,2,Two
DATAFLOW,OECD.SDD.TPS:DSD_PRICES@DF_PRICES_ALL(1.0),"Consumer price indices (CPIs, HICPs), COICOP 1999",I,GBR,United Kingdom,Q,Quarterly,N,National,CPI,Consumer price index,IX,Index,_T,Total,N,Neither seasonally adjusted nor calendar adjusted,_Z,Not applicable,2024-Q1,,130.8,,A,Normal value,,,2015,,,,2,Two
DATAFLOW,OECD.SDD.TPS:DSD_PRICES@DF_PRICES_ALL(1.0),"Consumer price indices (CPIs, HICPs), COICOP 1999",I,GBR,United Kingdom,Q,Quarterly,N,National,CPI,Consumer price index,IX,Index,_T,Total,N,Neither seasonally adjusted nor calendar adjusted,_Z,Not applicable,2024-Q2,,132.7,,A,Normal value,,,2015,,,,2,Two
DATAFLOW,OECD.SDD.TPS:DSD_PRICES@DF_PRICES_ALL(1.0),"Consumer price indices (CPIs, HICPs), COICOP 1999",I,GBR,United Kingdom,Q,Quarterly,N,National,CPI,Consumer price index,IX,Index,_T,Total,N,Neither seasonally adjusted nor calendar adjusted,_Z,Not applicable,2024-Q3,,133.3,,A,Normal value,,,2015,,,,2,Two
DATAFLOW,OECD.SDD.TPS:DSD_PRICES@DF_PRICES_ALL(1.0),"Consumer price indices (CPIs, HICPs), COICOP 1999",I,GBR,United Kingdom,Q,Quarterly,N,National,CPI,Consumer price index,IX,Index,_T,Total,N,Neither seasonally adjusted nor calendar adjusted,_Z,Not applicable,2024-Q4,,134.7,,A,Normal value,,,2015,,,,2,Two
DATAFLOW,OECD.SDD.TPS:DSD_PRICES@DF_PRICES_ALL(1.0),"Consumer price indices (CPIs, HICPs), COICOP 1999",I,GBR,United Kingdom,Q,Quarterly,N,National,CPI,Consumer price index,IX,Index,_T,Total,N,Neither seasonally adjusted nor calendar adjusted,_Z,Not applicable,2025-Q1,,135.6,,A,Normal value,,,2015,,,,2,Two
DATAFLOW,OECD.SDD.TPS:DSD_PRICES@DF_PRICES_ALL(1.0),"Consumer price indices (CPIs, HICPs), COICOP 1999",I,GBR,United Kingdom,Q,Quarterly,N,National,CPI,Consumer price index,IX,Index,_T,Total,N,Neither seasonally adjusted nor calendar adjusted,_Z,Not applicable,2025-Q2,,138,,A,Normal value,,,2015,,,,2,Two
DATAFLOW,OECD.SDD.TPS:DSD_PRICES@DF_PRICES_ALL(1.0),"Consumer price indices (CPIs, HICPs), COICOP 1999",I,GBR,United Kingdom,Q,Quarterly,N,National,CPI,Consumer price index,IX,Index,_T,Total,N,Neither seasonally adjusted nor calendar adjusted,_Z,Not applicable,2025-Q3,,138.8,,A,Normal value,,,2015,,,,2,Two
DATAFLOW,OECD.SDD.TPS:DSD_PRICES@DF_PRICES_ALL(1.0),"Consumer price indices (CPIs, HICPs), COICOP 1999",I,DEU,Germany,Q,Quarterly,N,National,CPI,Consumer price index,IX,Index,_T,Total,N,Neither seasonally adjusted nor calendar adjusted,_Z,Not applicable,2010-Q1,,92.76341,,A,Normal value,,,2015,,,,2,Two
DATAFLOW,OECD.SDD.TPS:DSD_PRICES@DF_PRICES_ALL(1.0),"Consumer price indices (CPIs, HICPs), COICOP 1999",I,DEU,Germany,Q,Quarterly,N,National,CPI,Consumer price index,IX,Index,_T,Total,N,Neither seasonally adjusted nor calendar adjusted,_Z,Not applicable,2010-Q2,,93.22987,,A,Normal value,,,2015,,,,2,Two
DATAFLOW,OECD.SDD.TPS:DSD_PRICES@DF_PRICES_ALL(1.0),"Consumer price indices (CPIs, HICPs), COICOP 1999",I,DEU,Germany,Q,Quarterly,N,National,CPI,Consumer price index,IX,Index,_T,Total,N,Neither seasonally adjusted nor calendar adjusted,_Z,Not applicable,2010-Q3,,93.41645,,A,Normal value,,,2015,,,,2,Two
DATAFLOW,OECD.SDD.TPS:DSD_PRICES@DF_PRICES_ALL(1.0),"Consumer price indices (CPIs, HICPs), COICOP 1999",I,DEU,Germany,Q,Quarterly,N,National,CPI,Consumer price index,IX,Index,_T,Total,N,Neither seasonally adjusted nor calendar adjusted,_Z,Not applicable,2010-Q4,,93.72742,,A,Normal value,,,2015,,,,2,Two
DATAFLOW,OECD.SDD.TPS:DSD_PRICES@DF_PRICES_ALL(1.0),"Consumer price indices (CPIs, HICPs), COICOP 1999",I,DEU,Germany,Q,Quarterly,N,National,CPI,Consumer price index,IX,Index,_T,Total,N,Neither seasonally adjusted nor calendar adjusted,_Z,Not applicable,2011-Q1,,94.50486,,A,Normal value,,,2015,,,,2,Two
DATAFLOW,OECD.SDD.TPS:DSD_PRICES@DF_PRICES_ALL(1.0),"Consumer price indices (CPIs, HICPs), COICOP 1999",I,DEU,Germany,Q,Quarterly,N,National,CPI,Consumer price index,IX,Index,_T,Total,N,Neither seasonally adjusted nor calendar adjusted,_Z,Not applicable,2011-Q2,,95.09571,,A,Normal value,,,2015,,,,2,Two
DATAFLOW,OECD.SDD.TPS:DSD_PRICES@DF_PRICES_ALL(1.0),"Consumer price indices (CPIs, HICPs), COICOP 1999",I,DEU,Germany,Q,Quarterly,N,National,CPI,Consumer price index,IX,Index,_T,Total,N,Neither seasonally adjusted nor calendar adjusted,_Z,Not applicable,2011-Q3,,95.46888,,A,Normal value,,,2015,,,,2,Two
DATAFLOW,OECD.SDD.TPS:DSD_PRICES@DF_PRICES_ALL(1.0),"Consumer price indices (CPIs, HICPs), COICOP 1999",I,DEU,Germany,Q,Quarterly,N,National,CPI,Consumer price index,IX,Index,_T,Total,N,Neither seasonally adjusted nor calendar adjusted,_Z,Not applicable,2011-Q4,,95.81095,,A,Normal value,,,2015,,,,2,Two
DATAFLOW,OECD.SDD.TPS:DSD_PRICES@DF_PRICES_ALL(1.0),"Consumer price indices (CPIs, HICPs), COICOP 1999",I,DEU,Germany,Q,Quarterly,N,National,CPI,Consumer price index,IX,Index,_T,Total,N,Neither seasonally adjusted nor calendar adjusted,_Z,Not applicable,2012-Q1,,96.52619,,A,Normal value,,,2015,,,,2,Two
DATAFLOW,OECD.SDD.TPS:DSD_PRICES@DF_PRICES_ALL(1.0),"Consumer price indices (CPIs, HICPs), COICOP 1999",I,DEU,Germany,Q,Quarterly,N,National,CPI,Consumer price index,IX,Index,_T,Total,N,Neither seasonally adjusted nor calendar adjusted,_Z,Not applicable,2012-Q2,,96.86826,,A,Normal value,,,2015,,,,2,Two
DATAFLOW,OECD.SDD.TPS:DSD_PRICES@DF_PRICES_ALL(1.0),"Consumer price indices (CPIs, HICPs), COICOP 1999",I,DEU,Germany,Q,Quarterly,N,National,CPI,Consumer price index,IX,Index,_T,Total,N,Neither seasonally adjusted nor calendar adjusted,_Z,Not applicable,2012-Q3,,97.39691,,A,Normal value,,,2015,,,,2,Two
DATAFLOW,OECD.SDD.TPS:DSD_PRICES@DF_PRICES_ALL(1.0),"Consumer price indices (CPIs, HICPs), COICOP 1999",I,DEU,Germany,Q,Quarterly,N,National,CPI,Consumer price index,IX,Index,_T,Total,N,Neither seasonally adjusted nor calendar adjusted,_Z,Not applicable,2012-Q4,,97.73898,,A,Normal value,,,2015,,,,2,Two
DATAFLOW,OECD.SDD.TPS:DSD_PRICES@DF_PRICES_ALL(1.0),"Consumer price indices (CPIs, HICPs), COICOP 1999",I,DEU,Germany,Q,Quarterly,N,National,CPI,Consumer price index,IX,Index,_T,Total,N,Neither seasonally adjusted nor calendar adjusted,_Z,Not applicable,2013-Q1,,98.01886,,A,Normal value,,,2015,,,,2,Two
DATAFLOW,OECD.SDD.TPS:DSD_PRICES@DF_PRICES_ALL(1.0),"Consumer price indices (CPIs, HICPs), COICOP 1999",I,DEU,Germany,Q,Quarterly,N,National,CPI,Consumer price index,IX,Index,_T,Total,N,Neither seasonally adjusted nor calendar adjusted,_Z,Not applicable,2013-Q2,,98.32983,,A,Normal value,,,2015,,,,2,Two
DATAFLOW,OECD.SDD.TPS:DSD_PRICES@DF_PRICES_ALL(1.0),"Consumer price indices (CPIs, HICPs), COICOP 1999",I,DEU,Germany,Q,Quarterly,N,National,CPI,Consumer price index,IX,Index,_T,Total,N,Neither seasonally adjusted nor calendar adjusted,_Z,Not applicable,2013-Q3,,98.98288,,A,Normal value,,,2015,,,,2,Two
DATAFLOW,OECD.SDD.TPS:DSD_PRICES@DF_PRICES_ALL(1.0),"Consumer price indices (CPIs, HICPs), COICOP 1999",I,DEU,Germany,Q,Quarterly,N,National,CPI,Consumer price index,IX,Index,_T,Total,N,Neither seasonally adjusted nor calendar adjusted,_Z,Not applicable,2013-Q4,,99.04507,,A,Normal value,,,2015,,,,2,Two
DATAFLOW,OECD.SDD.TPS:DSD_PRICES@DF_PRICES_ALL(1.0),"Consumer price indices (CPIs, HICPs), COICOP 1999",I,DEU,Germany,Q,Quarterly,N,National,CPI,Consumer price index,IX,Index,_T,Total,N,Neither seasonally adjusted nor calendar adjusted,_Z,Not applicable,2014-Q1,,99.20056,,A,Normal value,,,2015,,,,2,Two
DATAFLOW,OECD.SDD.TPS:DSD_PRICES@DF_PRICES_ALL(1.0),"Consumer price indices (CPIs, HICPs), COICOP 1999",I,DEU,Germany,Q,Quarterly,N,National,CPI,Consumer price index,IX,Index,_T,Total,N,Neither seasonally adjusted nor calendar adjusted,_Z,Not applicable,2014-Q2,,99.38715,,A,Normal value,,,2015,,,,2,Two
DATAFLOW,OECD.SDD.TPS:DSD_PRICES@DF_PRICES_ALL(1.0),"Consumer price indices (CPIs, HICPs), COICOP 1999",I,DEU,Germany,Q,Quarterly,N,National,CPI,Consumer price index,IX,Index,_T,Total,N,Neither seasonally adjusted nor calendar adjusted,_Z,Not applicable,2014-Q3,,99.82251,,A,Normal value,,,2015,,,,2,Two
DATAFLOW,OECD.SDD.TPS:DSD_PRICES@DF_PRICES_ALL(1.0),"Consumer price indices (CPIs, HICPs), COICOP 1999",I,DEU,Germany,Q,Quarterly,N,National,CPI,Consumer price index,IX,Index,_T,Total,N,Neither seasonally adjusted nor calendar adjusted,_Z,Not applicable,2014-Q4,,99.54263,,A,Normal value,,,2015,,,,2,Two
DATAFLOW,OECD.SDD.TPS:DSD_PRICES@DF_PRICES_ALL(1.0),"Consumer price indices (CPIs, HICPs), COICOP 1999",I,DEU,Germany,Q,Quarterly,N,National,CPI,Consumer price index,IX,Index,_T,Total,N,Neither seasonally adjusted nor calendar adjusted,_Z,Not applicable,2015-Q1,,99.14986,,A,Normal value,,,2015,,,,2,Two
DATAFLOW,OECD.SDD.TPS:DSD_PRICES@DF_PRICES_ALL(1.0),"Consumer price indices (CPIs, HICPs), COICOP 1999",I,DEU,Germany,Q,Quarterly,N,National,CPI,Consumer price index,IX,Index,_T,Total,N,Neither seasonally adjusted nor calendar adjusted,_Z,Not applicable,2015-Q2,,100.3501,,A,Normal value,,,2015,,,,2,Two
DATAFLOW,OECD.SDD.TPS:DSD_PRICES@DF_PRICES_ALL(1.0),"Consumer price indices (CPIs, HICPs), COICOP 1999",I,DEU,Germany,Q,Quarterly,N,National,CPI,Consumer price index,IX,Index,_T,Total,N,Neither seasonally adjusted nor calendar adjusted,_Z,Not applicable,2015-Q3,,100.5501,,A,Normal value,,,2015,,,,2,Two
DATAFLOW,OECD.SDD.TPS:DSD_PRICES@DF_PRICES_ALL(1.0),"Consumer price indices (CPIs, HICPs), COICOP 1999",I,DEU,Germany,Q,Quarterly,N,National,CPI,Consumer price index,IX,Index,_T,Total,N,Neither seasonally adjusted nor calendar adjusted,_Z,Not applicable,2015-Q4,,99.94999,,A,Normal value,,,2015,,,,2,Two
DATAFLOW,OECD.SDD.TPS:DSD_PRICES@DF_PRICES_ALL(1.0),"Consumer price indices (CPIs, HICPs), COICOP 1999",I,DEU,Germany,Q,Quarterly,N,National,CPI,Consumer price index,IX,Index,_T,Total,N,Neither seasonally adjusted nor calendar adjusted,_Z,Not applicable,2016-Q1,,99.44991,,A,Normal value,,,2015,,,,2,Two
DATAFLOW,OECD.SDD.TPS:DSD_PRICES@DF_PRICES_ALL(1.0),"Consumer price indices (CPIs, HICPs), COICOP 1999",I,DEU,Germany,Q,Quarterly,N,National,CPI,Consumer price index,IX,Index,_T,Total,N,Neither seasonally adjusted nor calendar adjusted,_Z,Not applicable,2016-Q2,,100.4834,,A,Normal value,,,2015,,,,2,Two
DATAFLOW,OECD.SDD.TPS:DSD_PRICES@DF_PRICES_ALL(1.0),"Consumer price indices (CPIs, HICPs), COICOP 1999",I,DEU,Germany,Q,Quarterly,N,National,CPI,Consumer price index,IX,Index,_T,Total,N,Neither seasonally adjusted nor calendar adjusted,_Z,Not applicable,2016-Q3,,101.0502,,A,Normal value,,,2015,,,,2,Two
DATAFLOW,OECD.SDD.TPS:DSD_PRICES@DF_PRICES_ALL(1.0),"Consumer price indices (CPIs, HICPs), COICOP 1999",I,DEU,Germany,Q,Quarterly,N,National,CPI,Consumer price index,IX,Index,_T,Total,N,Neither seasonally adjusted nor calendar adjusted,_Z,Not applicable,2016-Q4,,100.9835,,A,Normal value,,,2015,,,,2,Two
DATAFLOW,OECD.SDD.TPS:DSD_PRICES@DF_PRICES_ALL(1.0),"Consumer price indices (CPIs, HICPs), COICOP 1999",I,DEU,Germany,Q,Quarterly,N,National,CPI,Consumer price index,IX,Index,_T,Total,N,Neither seasonally adjusted nor calendar adjusted,_Z,Not applicable,2017-Q1,,101.0835,,A,Normal value,,,2015,,,,2,Two
DATAFLOW,OECD.SDD.TPS:DSD_PRICES@DF_PRICES_ALL(1.0),"Consumer price indices (CPIs, HICPs), COICOP 1999",I,DEU,Germany,Q,Quarterly,N,National,CPI,Consumer price index,IX,Index,_T,Total,N,Neither seasonally adjusted nor calendar adjusted,_Z,Not applicable,2017-Q2,,101.917,,A,Normal value,,,2015,,,,2,Two
DATAFLOW,OECD.SDD.TPS:DSD_PRICES@DF_PRICES_ALL(1.0),"Consumer price indices (CPIs, HICPs), COICOP 1999",I,DEU,Germany,Q,Quarterly,N,National,CPI,Consumer price index,IX,Index,_T,Total,N,Neither seasonally adjusted nor calendar adjusted,_Z,Not applicable,2017-Q3,,102.6171,,A,Normal value,,,2015,,,,2,Two
DATAFLOW,OECD.SDD.TPS:DSD_PRICES@DF_PRICES_ALL(1.0),"Consumer price indices (CPIs, HICPs), COICOP 1999",I,DEU,Germany,Q,Quarterly,N,National,CPI,Consumer price index,IX,Index,_T,Total,N,Neither seasonally adjusted nor calendar adjusted,_Z,Not applicable,2017-Q4,,102.4171,,A,Normal value,,,2015,,,,2,Two
DATAFLOW,OECD.SDD.TPS:DSD_PRICES@DF_PRICES_ALL(1.0),"Consumer price indices (CPIs, HICPs), COICOP 1999",I,DEU,Germany,Q,Quarterly,N,National,CPI,Consumer price index,IX,Index,_T,Total,N,Neither seasonally adjusted nor calendar adjusted,_Z,Not applicable,2018-Q1,,102.4171,,A,Normal value,,,2015,,,,2,Two
DATAFLOW,OECD.SDD.TPS:DSD_PRICES@DF_PRICES_ALL(1.0),"Consumer price indices (CPIs, HICPs), COICOP 1999",I,DEU,Germany,Q,Quarterly,N,National,CPI,Consumer price index,IX,Index,_T,Total,N,Neither seasonally adjusted nor calendar adjusted,_Z,Not applicable,2018-Q2,,103.6839,,A,Normal value,,,2015,,,,2,Two
DATAFLOW,OECD.SDD.TPS:DSD_PRICES@DF_PRICES_ALL(1.0),"Consumer price indices (CPIs, HICPs), COICOP 1999",I,DEU,Germany,Q,Quarterly,N,National,CPI,Consumer price index,IX,Index,_T,Total,N,Neither seasonally adjusted nor calendar adjusted,_Z,Not applicable,2018-Q3,,104.5508,,A,Normal value,,,2015,,,,2,Two
DATAFLOW,OECD.SDD.TPS:DSD_PRICES@DF_PRICES_ALL(1.0),"Consumer price indices (CPIs, HICPs), COICOP 1999",I,DEU,Germany,Q,Quarterly,N,National,CPI,Consumer price index,IX,Index,_T,Total,N,Neither seasonally adjusted nor calendar adjusted,_Z,Not applicable,2018-Q4,,104.4507,,A,Normal value,,,2015,,,,2,Two
DATAFLOW,OECD.SDD.TPS:DSD_PRICES@DF_PRICES_ALL(1.0),"Consumer price indices (CPIs, HICPs), COICOP 1999",I,DEU,Germany,Q,Quarterly,N,National,CPI,Consumer price index,IX,Index,_T,Total,N,Neither seasonally adjusted nor calendar adjusted,_Z,Not applicable,2019-Q1,,103.8173,,A,Normal value,,,2015,,,,2,Two
DATAFLOW,OECD.SDD.TPS:DSD_PRICES@DF_PRICES_ALL(1.0),"Consumer price indices (CPIs, HICPs), COICOP 1999",I,DEU,Germany,Q,Quarterly,N,National,CPI,Consumer price index,IX,Index,_T,Total,N,Neither seasonally adjusted nor calendar adjusted,_Z,Not applicable,2019-Q2,,105.4509,,A,Normal value,,,2015,,,,2,Two
DATAFLOW,OECD.SDD.TPS:DSD_PRICES@DF_PRICES_ALL(1.0),"Consumer price indices (CPIs, HICPs), COICOP 1999",I,DEU,Germany,Q,Quarterly,N,National,CPI,Consumer price index,IX,Index,_T,Total,N,Neither seasonally adjusted nor calendar adjusted,_Z,Not applicable,2019-Q3,,106.0844,,A,Normal value,,,2015,,,,2,Two
DATAFLOW,OECD.SDD.TPS:DSD_PRICES@DF_PRICES_ALL(1.0),"Consumer price indices (CPIs, HICPs), COICOP 1999",I,DEU,Germany,Q,Quarterly,N,National,CPI,Consumer price index,IX,Index,_T,Total,N,Neither seasonally adjusted nor calendar adjusted,_Z,Not applicable,2019-Q4,,105.751,,A,Normal value,,,2015,,,,2,Two
DATAFLOW,OECD.SDD.TPS:DSD_PRICES@DF_PRICES_ALL(1.0),"Consumer price indices (CPIs, HICPs), COICOP 1999",I,DEU,Germany,Q,Quarterly,N,National,CPI,Consumer price index,IX,Index,_T,Total,N,Neither seasonally adjusted nor calendar adjusted,_Z,Not applicable,2020-Q1,,105.4987,,A,Normal value,,,2015,,,,2,Two
DATAFLOW,OECD.SDD.TPS:DSD_PRICES@DF_PRICES_ALL(1.0),"Consumer price indices (CPIs, HICPs), COICOP 1999",I,DEU,Germany,Q,Quarterly,N,National,CPI,Consumer price index,IX,Index,_T,Total,N,Neither seasonally adjusted nor calendar adjusted,_Z,Not applicable,2020-Q2,,105.8852,,A,Normal value,,,2015,,,,2,Two
DATAFLOW,OECD.SDD.TPS:DSD_PRICES@DF_PRICES_ALL(1.0),"Consumer price indices (CPIs, HICPs), COICOP 1999",I,DEU,Germany,Q,Quarterly,N,National,CPI,Consumer price index,IX,Index,_T,Total,N,Neither seasonally adjusted nor calendar adjusted,_Z,Not applicable,2020-Q3,,105.1121,,A,Normal value,,,2015,,,,2,Two
DATAFLOW,OECD.SDD.TPS:DSD_PRICES@DF_PRICES_ALL(1.0),"Consumer price indices (CPIs, HICPs), COICOP 1999",I,DEU,Germany,Q,Quarterly,N,National,CPI,Consumer price index,IX,Index,_T,Total,N,Neither seasonally adjusted nor calendar adjusted,_Z,Not applicable,2020-Q4,,105.2175,,A,Normal value,,,2015,,,,2,Two
DATAFLOW,OECD.SDD.TPS:DSD_PRICES@DF_PRICES_ALL(1.0),"Consumer price indices (CPIs, HICPs), COICOP 1999",I,DEU,Germany,Q,Quarterly,N,National,CPI,Consumer price index,IX,Index,_T,Total,N,Neither seasonally adjusted nor calendar adjusted,_Z,Not applicable,2021-Q1,,107.0801,,A,Normal value,,,2015,,,,2,Two
DATAFLOW,OECD.SDD.TPS:DSD_PRICES@DF_PRICES_ALL(1.0),"Consumer price indices (CPIs, HICPs), COICOP 1999",I,DEU,Germany,Q,Quarterly,N,National,CPI,Consumer price index,IX,Index,_T,Total,N,Neither seasonally adjusted nor calendar adjusted,_Z,Not applicable,2021-Q2,,108.2047,,A,Normal value,,,2015,,,,2,Two
DATAFLOW,OECD.SDD.TPS:DSD_PRICES@DF_PRICES_ALL(1.0),"Consumer price indices (CPIs, HICPs), COICOP 1999",I,DEU,Germany,Q,Quarterly,N,National,CPI,Consumer price index,IX,Index,_T,Total,N,Neither seasonally adjusted nor calendar adjusted,_Z,Not applicable,2021-Q3,,109.1887,,A,Normal value,,,2015,,,,2,Two
DATAFLOW,OECD.SDD.TPS:DSD_PRICES@DF_PRICES_ALL(1.0),"Consumer price indices (CPIs, HICPs), COICOP 1999",I,DEU,Germany,Q,Quarterly,N,National,CPI,Consumer price index,IX,Index,_T,Total,N,Neither seasonally adjusted nor calendar adjusted,_Z,Not applicable,2021-Q4,,110.1727,,A,Normal value,,,2015,,,,2,Two
DATAFLOW,OECD.SDD.TPS:DSD_PRICES@DF_PRICES_ALL(1.0),"Consumer price indices (CPIs, HICPs), COICOP 1999",I,DEU,Germany,Q,Quarterly,N,National,CPI,Consumer price index,IX,Index,_T,Total,N,Neither seasonally adjusted nor calendar adjusted,_Z,Not applicable,2022-Q1,,112.211,,A,Normal value,,,2015,,,,2,Two
DATAFLOW,OECD.SDD.TPS:DSD_PRICES@DF_PRICES_ALL(1.0),"Consumer price indices (CPIs, HICPs), COICOP 1999",I,DEU,Germany,Q,Quarterly,N,National,CPI,Consumer price index,IX,Index,_T,Total,N,Neither seasonally adjusted nor calendar adjusted,_Z,Not applicable,2022-Q2,,115.409,,A,Normal value,,,2015,,,,2,Two
DATAFLOW,OECD.SDD.TPS:DSD_PRICES@DF_PRICES_ALL(1.0),"Consumer price indices (CPIs, HICPs), COICOP 1999",I,DEU,Germany,Q,Quarterly,N,National,CPI,Consumer price index,IX,Index,_T,Total,N,Neither seasonally adjusted nor calendar adjusted,_Z,Not applicable,2022-Q3,,117.2715,,A,Normal value,,,2015,,,,2,Two
DATAFLOW,OECD.SDD.TPS:DSD_PRICES@DF_PRICES_ALL(1.0),"Consumer price indices (CPIs, HICPs), COICOP 1999",I,DEU,Germany,Q,Quarterly,N,National,CPI,Consumer price index,IX,Index,_T,Total,N,Neither seasonally adjusted nor calendar adjusted,_Z,Not applicable,2022-Q4,,119.6261,,A,Normal value,,,2015,,,,2,Two
DATAFLOW,OECD.SDD.TPS:DSD_PRICES@DF_PRICES_ALL(1.0),"Consumer price indices (CPIs, HICPs), COICOP 1999",I,DEU,Germany,Q,Quarterly,N,National,CPI,Consumer price index,IX,Index,_T,Total,N,Neither seasonally adjusted nor calendar adjusted,_Z,Not applicable,2023-Q1,,121.4535,,A,Normal value,,,2015,,,,2,Two
DATAFLOW,OECD.SDD.TPS:DSD_PRICES@DF_PRICES_ALL(1.0),"Consumer price indices (CPIs, HICPs), COICOP 1999",I,DEU,Germany,Q,Quarterly,N,National,CPI,Consumer price index,IX,Index,_T,Total,N,Neither seasonally adjusted nor calendar adjusted,_Z,Not applicable,2023-Q2,,122.9646,,A,Normal value,,,2015,,,,2,Two
DATAFLOW,OECD.SDD.TPS:DSD_PRICES@DF_PRICES_ALL(1.0),"Consumer price indices (CPIs, HICPs), COICOP 1999",I,DEU,Germany,Q,Quarterly,N,National,CPI,Consumer price index,IX,Index,_T,Total,N,Neither seasonally adjusted nor calendar adjusted,_Z,Not applicable,2023-Q3,,123.8432,,A,Normal value,,,2015,,,,2,Two
DATAFLOW,OECD.SDD.TPS:DSD_PRICES@DF_PRICES_ALL(1.0),"Consumer price indices (CPIs, HICPs), COICOP 1999",I,DEU,Germany,Q,Quarterly,N,National,CPI,Consumer price index,IX,Index,_T,Total,N,Neither seasonally adjusted nor calendar adjusted,_Z,Not applicable,2023-Q4,,123.8784,,A,Normal value,,,2015,,,,2,Two
DATAFLOW,OECD.SDD.TPS:DSD_PRICES@DF_PRICES_ALL(1.0),"Consumer price indices (CPIs, HICPs), COICOP 1999",I,DEU,Germany,Q,Quarterly,N,National,CPI,Consumer price index,IX,Index,_T,Total,N,Neither seasonally adjusted nor calendar adjusted,_Z,Not applicable,2024-Q1,,124.5109,,A,Normal value,,,2015,,,,2,Two
DATAFLOW,OECD.SDD.TPS:DSD_PRICES@DF_PRICES_ALL(1.0),"Consumer price indices (CPIs, HICPs), COICOP 1999",I,DEU,Germany,Q,Quarterly,N,National,CPI,Consumer price index,IX,Index,_T,Total,N,Neither seasonally adjusted nor calendar adjusted,_Z,Not applicable,2024-Q2,,125.7761,,A,Normal value,,,2015,,,,2,Two
DATAFLOW,OECD.SDD.TPS:DSD_PRICES@DF_PRICES_ALL(1.0),"Consumer price indices (CPIs, HICPs), COICOP 1999",I,DEU,Germany,Q,Quarterly,N,National,CPI,Consumer price index,IX,Index,_T,Total,N,Neither seasonally adjusted nor calendar adjusted,_Z,Not applicable,2024-Q3,,126.2329,,A,Normal value,,,2015,,,,2,Two
DATAFLOW,OECD.SDD.TPS:DSD_PRICES@DF_PRICES_ALL(1.0),"Consumer price indices (CPIs, HICPs), COICOP 1999",I,DEU,Germany,Q,Quarterly,N,National,CPI,Consumer price index,IX,Index,_T,Total,N,Neither seasonally adjusted nor calendar adjusted,_Z,Not applicable,2024-Q4,,126.7249,,A,Normal value,,,2015,,,,2,Two
DATAFLOW,OECD.SDD.TPS:DSD_PRICES@DF_PRICES_ALL(1.0),"Consumer price indices (CPIs, HICPs), COICOP 1999",I,DEU,Germany,Q,Quarterly,N,National,CPI,Consumer price index,IX,Index,_T,Total,N,Neither seasonally adjusted nor calendar adjusted,_Z,Not applicable,2025-Q1,,127.3224,,A,Normal value,,,2015,,,,2,Two
DATAFLOW,OECD.SDD.TPS:DSD_PRICES@DF_PRICES_ALL(1.0),"Consumer price indices (CPIs, HICPs), COICOP 1999",I,DEU,Germany,Q,Quarterly,N,National,CPI,Consumer price index,IX,Index,_T,Total,N,Neither seasonally adjusted nor calendar adjusted,_Z,Not applicable,2025-Q2,,128.3766,,A,Normal value,,,2015,,,,2,Two
DATAFLOW,OECD.SDD.TPS:DSD_PRICES@DF_PRICES_ALL(1.0),"Consumer price indices (CPIs, HICPs), COICOP 1999",I,DEU,Germany,Q,Quarterly,N,National,CPI,Consumer price index,IX,Index,_T,Total,N,Neither seasonally adjusted nor calendar adjusted,_Z,Not applicable,2025-Q3,,129.0092,,A,Normal value,,,2015,,,,2,Two
